Handle,Title,Body (HTML),Vendor,Standard Product Type,Custom Product Type,Tags,Published,Option1 Name,Option1 Value,Variant SKU,Variant Inventory Tracker,Variant Inventory Qty,Variant Inventory Policy,Variant Fulfillment Service,Variant Price,Variant Compare At Price,Variant Requires Shipping,Variant Taxable,Image Src,Status
black-orchid-tester,Tom Ford Black Orchid,Une potion riche et luxueuse où la truffe noire et l'ylang-ylang fusionnent avec une orchidée noire imaginaire et un fond chocolaté-patchouli. Sulfureux et inoubliable.,Tom Ford,Ambré Floral,,"tester,nouveau",TRUE,Title,Default Title,REF-TOM-226,shopify,10,continue,manual,299,499,TRUE,TRUE,https://l3qgcdajft9wdkxz.public.blob.vercel-storage.com/raw-1783986789811-black_orchid.jpg,active
my-burberry-blush-tester,Mon Burberry Blush EDP,L'énergie croquante de la grenade et de la pomme verte éveille un cœur floral de pétales de rose et de géranium. Une fragrance lumineuse et intensément féminine.,Burberry,Floral Fruité,,"tester,nouveau",TRUE,Title,Default Title,REF-BUR-305,shopify,10,continue,manual,299,449,TRUE,TRUE,https://l3qgcdajft9wdkxz.public.blob.vercel-storage.com/raw-1783986847396-My_Burberry_Blush.jpg,active
tom-ford-tuscan-leather-eau-de-parfum-tester,Tom Ford Tuscan Leather EDP,"L'odeur brute d'un cuir de qualité supérieure adoucie par une touche surprenante de framboise juteuse, de safran et de thym. Nocturne, opulent et audacieux.",Tom Ford,Cuir,,"tester,nouveau",TRUE,Title,Default Title,REF-TOM-336,shopify,10,continue,manual,299,499,TRUE,TRUE,https://l3qgcdajft9wdkxz.public.blob.vercel-storage.com/raw-1783986815531-Tom_Ford_Tuscan_Leather.jpg,active
amouage-honour-eau-de-parfum-tester,Amouage Honour men,Testeur authentique de Amouage Honour par Amouage. Profitez de la même fragrance exceptionnelle à un prix imbattable.,Amouage,Frais,,"tester,nouveau",TRUE,Title,Default Title,REF-AMO-066,shopify,,continue,manual,299,,TRUE,TRUE,https://l3qgcdajft9wdkxz.public.blob.vercel-storage.com/raw-1783986790462-amouage_honour.jpg,active
armani-prive-vert-malachite-eau-de-parfum-tester,Armani Prive Vert Malachite,"Une tubéreuse charnelle et lumineuse mariée à l'orange amère et à l'ylang-ylang, capturant l'énergie d'une nature vaste et éclatante.",Giorgio Armani,Boisé Aromatique (Floral Blanc),,"tester,nouveau",TRUE,Title,Default Title,REF-ARM-070,shopify,10,continue,manual,299,599,TRUE,TRUE,https://l3qgcdajft9wdkxz.public.blob.vercel-storage.com/1784027465782-966514019-armani_prive_malachite.jpg,active
DIOR-HYPNOTIC-POISON-Eau-De-Parfum,DIOR - HYPNOTIC POISON Eau De Parfum,"Lancé en 2014 et composé par le maître-parfumeur François Demachy, Hypnotic Poison Eau de Parfum est une réinterprétation ultra-dense, sombre et magnétique du mythe original créé en 1998. Inspiré par le fruit défendu de la tentation absolue, ce philtre moderne pousse le mystère et la séduction à leur paroxysme.

La fragrance s'articule autour d'une alliance audacieuse où la gourmandise sombre de la réglisse et l'amertume veloutée de l'amande s'entrelacent à un cœur floral blanc capiteux d'absolu de jasmin Sambac. En fond, l'absolu de vanille de Madagascar déploie une chaleur liquoreuse, presque narcotique, adoucie par les accents baumés et poudrés de la fève tonka pour créer un sillage voluptueux et inoubliable.

Le flacon prend la forme de l'iconique pomme tentatrice de Dior, teintée d'un rouge incandescent et mystérieux plongé dans une laque noire ténébreuse, scellé d'un ruban et d'un cabochon sculptural. Hypnotic Poison Eau de Parfum est une arme de séduction assumée, dédiée à la femme fatale et magnétique.",Dior,Floral,,,TRUE,Title,Default Title,REF-DIO-403,shopify,9,continue,manual,299,499,TRUE,TRUE,https://l3qgcdajft9wdkxz.public.blob.vercel-storage.com/1788177445552-62015405-dior_hypnotic_poison_EDP.jpg,active
jean-paul-gaultier-scandal-absolu-tester,Jean Paul Gaultier Scandal Absolu,"Une explosion de fleurs blanches (fleur d'oranger, jasmin, tubéreuse) enrobée par la douceur lactée d'un sirop de framboise. Joyeux, explosif et extravagant.",Jean Paul Gaultier,Boisé,,"tester,nouveau",TRUE,Title,Default Title,REF-JEA-285,shopify,10,continue,manual,299,499,TRUE,TRUE,https://l3qgcdajft9wdkxz.public.blob.vercel-storage.com/1784028898725-952000748-Jean_Paul_Gaultier_Scandal_Absolu.jpg,active
aqua-pura,Aqua Pura – Fragrance World,"L'Histoire du Parfum — Longue Description

Aqua Pura de Fragrance World est une fragrance qui évoque la puissance et la fraîcheur de l’océan. Inspiré par l’univers marin de Megamare d’Orto Parisi, le parfum propose une interprétation moderne et accessible d’un accord aquatique particulièrement intense.

Dès la première vaporisation, Aqua Pura s’ouvre sur une explosion fraîche et lumineuse de bergamote et de citron. Les agrumes apportent une sensation vive, propre et énergisante, comme une brise marine chargée d’air frais. Cette ouverture donne immédiatement au parfum une personnalité dynamique et rafraîchissante.

Progressivement, la fragrance plonge dans un cœur profondément marin et aquatique. Les algues apportent une facette iodée et naturelle, tandis que la Calone renforce cette impression d’eau fraîche et d’air marin. L’Hédione apporte une dimension plus aérienne et légèrement florale, créant un contraste élégant avec le caractère salin et océanique de la composition.

En fond, l’Ambroxan, le cèdre et le musc viennent structurer la fragrance et lui donner davantage de profondeur. L’Ambroxan apporte une facette ambrée, minérale et moderne, tandis que le cèdre ajoute une dimension boisée. Le musc prolonge finalement le parfum sur la peau avec une sensation propre, chaleureuse et élégante.

Aqua Pura est une fragrance destinée à ceux qui recherchent une signature fraîche, marine et distinctive. Son caractère aquatique la rend particulièrement intéressante pendant les journées chaudes du printemps et de l’été, tout en conservant suffisamment de profondeur pour accompagner les sorties et les soirées.

Une fragrance qui associe la vivacité des agrumes, la puissance de l’océan et la chaleur des bois, pour créer une signature olfactive moderne, fraîche et captivante.",Fragrance World,Aromatique Aquatique Boisé,,,FALSE,Title,Default Title,REF-FRA-376,shopify,10,continue,manual,500,,TRUE,TRUE,https://l3qgcdajft9wdkxz.public.blob.vercel-storage.com/1787672695261-518493156-aqua_pura.jpg,draft
Armani-Stronger-With-You-Amber,Armani Stronger With You Amber,"Stronger With You Amber est une édition exclusive et majestueuse qui réinterprète l'accord sensuel de la célèbre collection Armani dans une étreinte orientale profondément mystérieuse. Inspirée par la richesse et la chaleur captivante de l'or liquide, cette fragrance célèbre une union éternelle et indéfectible, magnifiquement symbolisée par la calligraphie arabe qui habille son flacon lumineux.

L'ouverture conjugue la fraîcheur aromatique et noble de la lavande à la vivacité des épices signatures de la gamme, créant une introduction saisissante et texturée. En son cœur, la fragrance s'illumine d'une opulence rare : un ambre riche et rayonnant fusionne avec la cannelle pour draper la peau d'une chaleur magnétique. Enfin, le sillage s'ancre dans une base hautement addictive de vanille bourbon et de daim, laissant derrière elle une empreinte d'une distinction absolue.",Giorgio Armani,Boisé,,,TRUE,Title,Default Title,REF-ARM-357,shopify,10,continue,manual,299,500,TRUE,TRUE,https://l3qgcdajft9wdkxz.public.blob.vercel-storage.com/1784388664377-882160695-stronger_with_you_amber.jpg,active
si-passione-red-musk-giorgio-armani-tester,Armani SÌ PASSIONE RED MUSK EDP,Un départ éclatant de poire et de cassis qui révèle un cœur passionné de rose et de jasmin. Une fragrance audacieuse pour une féminité affirmée.,Giorgio Armani,Floral Fruité,,"tester,nouveau",TRUE,Title,Default Title,REF-ARM-181,shopify,10,continue,manual,299,400,TRUE,TRUE,https://l3qgcdajft9wdkxz.public.blob.vercel-storage.com/1784027589458-502941824-Si_Passione_Red_Musk_Giorgio_Armani.jpg,active
chanel-bleu-de-chanel-eau de parfum-tester,Chanel Bleu De Chanel EDP,Un accord agrumes majestueux soutenu par un sillage profondément boisé de cèdre sec et de bois de santal de Nouvelle-Calédonie. L'élégance absolue et insoumise.,Chanel,Boisé Aromatique,,"tester,nouveau",TRUE,Title,Default Title,REF-CHA-235,shopify,9,continue,manual,299,399,TRUE,TRUE,https://l3qgcdajft9wdkxz.public.blob.vercel-storage.com/raw-1783986795947-Chanel_Bleu_De_Chanel.jpg,active
elie-saab-le-parfum-tester,Elie Saab Le Parfum L'eau Couture,Testeur authentique de Elie Saab par Jean Paul Gaultier. Profitez de la même fragrance exceptionnelle à un prix imbattable.,Elie Saab,Signature,,"tester,nouveau",TRUE,Title,Default Title,REF-ELI-261,shopify,10,continue,manual,299,499,TRUE,TRUE,https://l3qgcdajft9wdkxz.public.blob.vercel-storage.com/raw-1783986847848-Elie_Saab.jpg,active
burberry-her-eau-de-parfum-intense-tester,Burberry Her EDP Intense,"Une explosion de fruits rouges juteux (fraise, framboise) adoucie par un fond aérien de musc et d'ambre. Une signature urbaine, audacieuse et résolument moderne.",Burberry,Floral Fruité Gourmand,,"tester,nouveau",TRUE,Title,Default Title,REF-BUR-231,shopify,10,continue,manual,299,499,TRUE,TRUE,https://l3qgcdajft9wdkxz.public.blob.vercel-storage.com/1784027880065-120962463-burberry_her.jpg,active
emporio-armani-stronger-with-you-parfum-tester,Armani Stronger With You Parfum,Testeur authentique de Emporio Armani Stronger With You Parfum par Giorgio Armani. Profitez de la même fragrance exceptionnelle à un prix imbattable.,Giorgio Armani,Signature,,"tester,nouveau",TRUE,Title,Default Title,REF-ARM-116,shopify,10,continue,manual,299,499,TRUE,TRUE,https://l3qgcdajft9wdkxz.public.blob.vercel-storage.com/raw-1783986798057-Emporio_Armani_Stronger_With_You_Parfum.jpg,active
jean-paul-gaultier-le-male-eau-de-toilette-tester,Jean Paul Gaultier - LE MALE IN THE NAVY,"Un sillage torride où la lavande aromatique se fond dans une fève tonka addictive, un benjoin sensuel et un accord tabac miellé. Extrêmement charismatique.",Jean Paul Gaultier,Ambré Fougère,,"tester,nouveau",TRUE,Title,Default Title,REF-JEA-284,shopify,10,continue,manual,299,499,TRUE,TRUE,https://l3qgcdajft9wdkxz.public.blob.vercel-storage.com/raw-1783986796395-Jean_Paul_Gaultier_-_LE_MALE_IN_THE_NAVY.jpg,active
Paco-by-Paco-Rabanne-Eau-de-Toilette,Paco by Paco Rabanne – Eau de Toilette,"Paco de Rabanne est une fragrance fraîche, spontanée et intemporelle, pensée pour celles et ceux qui recherchent un parfum facile à porter sans renoncer à une véritable identité olfactive. Lancé en 1995 et créé par le parfumeur Rosendo Mateu, Paco adopte une approche résolument unisexe, construite autour d’un équilibre entre fraîcheur hespéridée, accords aromatiques et profondeur boisée.

L’ouverture se révèle immédiatement vive et énergique. Le citron d’Amalfi et la mandarine apportent une fraîcheur pétillante, tandis que le pin ajoute une facette verte et légèrement résineuse. Une touche de coriandre vient compléter l’ensemble avec une nuance aromatique subtilement épicée.

Au cœur, la fragrance devient plus douce et apaisante. Le thé rencontre la lavande, le jasmin et le cyclamen, créant un accord frais, floral et propre qui conserve toute la légèreté de la composition.

Enfin, le parfum évolue vers un fond plus enveloppant composé de musc, bois de santal, cèdre de Virginie et fève tonka. Ces notes apportent une dimension boisée, douce et légèrement poudrée qui équilibre parfaitement la fraîcheur des premières notes.

Paco est ainsi un parfum frais et polyvalent, idéal au quotidien, particulièrement agréable pendant les journées de printemps et d’été. Son caractère propre, vert et boisé en fait une fragrance qui traverse les styles et les genres avec simplicité.",Paco Rabanne,Hespéridé Aromatique,,,TRUE,Title,Default Title,,shopify,5,continue,manual,399,499,TRUE,TRUE,https://l3qgcdajft9wdkxz.public.blob.vercel-storage.com/1788983602074-521711626-Paco_Rabanne_EDT.jpg,active
chanel-n-5-tester,Chanel N 5,"Le bouquet floral abstrait mythique, magnifié par une utilisation révolutionnaire d'aldéhydes. Un parfum intemporel, luxueux et légendaire.",Chanel,Floral Aldéhydé,,"tester,nouveau",TRUE,Title,Default Title,REF-CHA-239,shopify,10,continue,manual,299,399,TRUE,TRUE,https://l3qgcdajft9wdkxz.public.blob.vercel-storage.com/raw-1783986801126-Chanel_N_5.jpg,active
la-vie-est-belle-tester,LANCÔME La Vie Est Belle,Testeur authentique de La Vie Est Belle par Jean Paul Gaultier. Profitez de la même fragrance exceptionnelle à un prix imbattable.,Lancôme,Signature,,"tester,nouveau",TRUE,Title,Default Title,REF-LAN-298,shopify,10,continue,manual,299,449,TRUE,TRUE,https://l3qgcdajft9wdkxz.public.blob.vercel-storage.com/raw-1783986800717-La_Vie_Est_Belle.jpg,active
creed-silver-mountain-water-eau-de-parfum-tester,Creed Silver Mountain Water,"Un courant d'air pur mêlant le thé vert, le cassis et le bois de santal. Une composition cristalline, vivifiante et d'une rare élégance.",Creed,Aromatique,,"tester,nouveau",TRUE,Title,Default Title,REF-CRE-244,shopify,,continue,manual,299,499,TRUE,TRUE,https://l3qgcdajft9wdkxz.public.blob.vercel-storage.com/raw-1783986801660-Creed_Silver_Mountain_Water.jpg,active
delina-exclusif-tester,Parfums De Marly Delina Exclusif,Testeur authentique de Delina Exclusif par Jean Paul Gaultier. Profitez de la même fragrance exceptionnelle à un prix imbattable.,Parfums de Marly,Signature,,"tester,nouveau",TRUE,Title,Default Title,REF-PAR-247,shopify,10,continue,manual,299,499,TRUE,TRUE,https://l3qgcdajft9wdkxz.public.blob.vercel-storage.com/1784029333455-395117864-Delina_exclusif.jpg,active
HUGO-Dark-Blue-Eau-de-Toilette,HUGO Dark Blue – Eau de Toilette,"HUGO Dark Blue est une fragrance masculine au caractère contrasté, construite autour d’une rencontre entre fraîcheur pétillante et chaleur épicée. Lancé en 1999, ce parfum signé Alain Astori et Béatrice Piquet incarne une personnalité libre, nocturne et audacieuse. Son flacon bleu profond inspiré d’un shaker à cocktail traduit parfaitement son univers dynamique et urbain.

Dès les premières secondes, Dark Blue dévoile une ouverture vive et énergique dominée par le gingembre, accompagné du pamplemousse, de l’orange, du citron vert et du citron. Cette combinaison crée une fraîcheur agrumée légèrement piquante qui donne immédiatement du caractère à la fragrance.

Le cœur devient ensuite plus aromatique et épicé. Le cyprès et l’acajou apportent une profondeur boisée, tandis que la cardamome, la sauge et le géranium enrichissent la composition d’une facette masculine, élégante et légèrement épicée.

En fond, Dark Blue révèle sa facette la plus chaleureuse. La vanille et le benjoin offrent une douceur ambrée et enveloppante, équilibrée par le cèdre, le vétiver et le patchouli, qui apportent structure, profondeur et caractère. Cette évolution transforme progressivement la fraîcheur initiale en un sillage plus chaud et sensuel.

HUGO Dark Blue est ainsi un parfum idéal pour l’homme qui recherche une fragrance à la fois fraîche, épicée et chaleureuse, facile à porter mais avec une vraie personnalité. Il se prête particulièrement bien aux soirées, aux sorties et aux saisons plus fraîches.",Hugo Boss,Ambré Épicé,,,TRUE,Title,Default Title,,shopify,2,continue,manual,499,599,TRUE,TRUE,https://l3qgcdajft9wdkxz.public.blob.vercel-storage.com/1788984053741-56057275-Hugo_boss_dark_blue.jpg,active
Pacific-Pour-Homme,Pacific (Pour Homme),"Inspiré par l'immensité turquoise et la puissance revigorante des grands espaces marins, Pacific Pour Homme de la maison Rayhaan est une célébration de la liberté, de l'aventure et de la fraîcheur absolue. Présenté dans un flacon sculptural bleu lagon orné d'arabesques calligraphiques modernes et surmonté d'un bouchon doré luxueux, il évoque la clarté éclatante d'une eau baignée de soleil.

Dès l'ouverture, la fragrance libère une vague d'énergie électrisante grâce à un cocktail hespéridé pétillant de mandarine et de bergamote, immédiatement transporté par des embruns marins iodés et une touche épicée de cardamome. Le cœur se déploie dans une fraîcheur aromatique et raffinée où la lavande et la sauge s'associent aux nuances vertes de la feuille de violette. En séchant sur la peau, Pacific dévoile une base boisée et sensuelle dominée par le cèdre noble, le vétiver et un accord d'ambre gris musqué, laissant un sillage net, viril, ultra-séduisant et d'une remarquable longévité sous la chaleur.",Rayhaan,Aromatique Boisé,,,FALSE,Title,Default Title,REF-RAY-389,shopify,10,continue,manual,500,,TRUE,TRUE,https://l3qgcdajft9wdkxz.public.blob.vercel-storage.com/1787675561617-678974058-pacific_ocean_rush.jpg,draft
armani-prive-magenta-tanzanite-tester,Armani Prive Magenta Tanzanite,"Une interprétation vibrante de la vanille et du tabac, électrisée par la cardamome et le gingembre. Un sillage chaud, luxueux et résolument solaire.",Giorgio Armani,Ambré Épicé,,"tester,nouveau",TRUE,Title,Default Title,REF-ARM-055,shopify,,continue,manual,299,499,TRUE,TRUE,https://l3qgcdajft9wdkxz.public.blob.vercel-storage.com/raw-1783986804567-armani_prive_magenta.jpg,active
coco-mademoiselle-edp-tester,Chanel Coco Mademoiselle Edp,Un contraste saisissant entre la fraîcheur éclatante de l'orange et la sensualité affirmée du patchouli et de la rose de mai. Une signature audacieuse et irrésistible.,Chanel,Ambré Floral,,"tester,nouveau",TRUE,Title,Default Title,REF-CHA-242,shopify,9,continue,manual,299,499,TRUE,TRUE,https://l3qgcdajft9wdkxz.public.blob.vercel-storage.com/raw-1783986802863-Coco_Mademoiselle_Edp.jpg,active
amouage-honour-woman-tester,Amouage Honour Woman,"Une dualité fascinante entre la douceur du kiwi et de la rose, et l'intensité sombre de l'encens, de la myrrhe et du cuir. Une aura intime et déroutante.",Amouage,Chypré Floral,,"niche,tester",TRUE,Title,Default Title,REF-AMO-050,shopify,,continue,manual,299,,TRUE,TRUE,https://l3qgcdajft9wdkxz.public.blob.vercel-storage.com/1784027218091-26065624-amouage_honour_women.jpg,active
narciso-rodriguez-for-her-eau-de-toilette-tester,Narciso Rodriguez For Her,"Le musc signature s'embrase au contact d'un bouquet rouge flamboyant d'iris et de rose bulgare, soutenu par des bois d'ambre et de cèdre. Pur magnétisme.",Narciso Rodriguez,Floral Boisé Musqué,,"tester,nouveau",TRUE,Title,Default Title,REF-NAR-309,shopify,10,continue,manual,299,499,TRUE,TRUE,https://l3qgcdajft9wdkxz.public.blob.vercel-storage.com/1784029206129-808231257-Narciso_Rodriguez_For_Her_edt.jpg,active
parfums-de-marly-layton-eau-de-parfum-tester,Parfums De Marly Layton EDP,"La fraîcheur de la pomme et de la bergamote plonge dans un cœur de lavande et de géranium, réchauffé par la vanille, le poivre rose et le bois de gaïac. Majestueux.",Parfums de Marly,Ambré Floral (Épicé),,"tester,nouveau",TRUE,Title,Default Title,REF-PAR-319,shopify,10,continue,manual,299,499,TRUE,TRUE,https://l3qgcdajft9wdkxz.public.blob.vercel-storage.com/raw-1783986809273-Parfums_De_Marly_Layton.jpg,active
dolce-gabbana-devotion-eau-de-parfum-tester,Dolce Gabbana Devotion,L'acidité lumineuse du citron confit rencontre l'éclat de la fleur d'oranger avant de plonger dans une vanille chaude et exquise. Un délice solaire et enveloppant.,Dolce & Gabbana,Ambré Vanillé,,"tester,nouveau",TRUE,Title,Default Title,REF-DOL-109,shopify,10,continue,manual,299,,TRUE,TRUE,https://l3qgcdajft9wdkxz.public.blob.vercel-storage.com/raw-1783986806290-Dolce_Gabbana_Devotion_intense.jpg,active
kayali-vanille-28-tester,Kayali Vanille 28,Testeur authentique de Kayali Vanille 28 par Jean Paul Gaultier. Profitez de la même fragrance exceptionnelle à un prix imbattable.,Kayali,Signature,,"tester,nouveau",TRUE,Title,Default Title,REF-KAY-292,shopify,10,continue,manual,299,399,TRUE,TRUE,https://l3qgcdajft9wdkxz.public.blob.vercel-storage.com/1784028972652-770033703-KAYALI_Vanilla_28.jpg,active
delina-la-rosee-parfums-de-marly-tester,Parfums De Marly Delina La Rosee ,Testeur authentique de Delina La Rosee Parfums De Marly par Jean Paul Gaultier. Profitez de la même fragrance exceptionnelle à un prix imbattable.,Parfums de Marly,Signature,,"tester,nouveau",TRUE,Title,Default Title,REF-PAR-248,shopify,10,continue,manual,299,499,TRUE,TRUE,https://l3qgcdajft9wdkxz.public.blob.vercel-storage.com/1784029355838-384810753-Delina_La_Rosee_Parfums_De_Marly.jpg,active
dior-poison-eau-de-parfum-tester,Dior Poison EDT,"Un filtre magique et vénéneux où la coriandre, la tubéreuse opulente et l'opoponax créent un sillage épicé, sombre et inoubliable. La provocation absolue.",Dior,Ambré Floral,,"tester,nouveau",TRUE,Title,Default Title,REF-DIO-251,shopify,10,continue,manual,299,499,TRUE,TRUE,https://l3qgcdajft9wdkxz.public.blob.vercel-storage.com/raw-1783986808010-Dior_Poison.jpg,active
dolce-gabbana-light-blue-tester,Dolce Gabbana Light Blue pour Femme EDT,La fraîcheur pétillante du citron de Sicile et de la pomme croquante se marie à l'élégance du jasmin et du bois de cèdre. Une brise estivale intemporelle.,Dolce & Gabbana,Floral Fruité,,"tester,nouveau",TRUE,Title,Default Title,REF-DOL-112,shopify,10,continue,manual,299,400,TRUE,TRUE,https://l3qgcdajft9wdkxz.public.blob.vercel-storage.com/raw-1783986806717-Dolce_Gabbana_Light_Blue.jpg,active
GIORGIO-ARMANI-MY-WAY-Ylang-edp,ARMANI MY WAY Ylang edp,"My Way Ylang de Giorgio Armani est une invitation inédite à un voyage sensoriel au cœur des îles tropicales les plus précieuses. Conservant l'esprit d'exploration et d'ouverture sur le monde propre à la collection emblématique, cet élixir s'habille d'un flacon lumineux couronné d'un talisman de pierre ambrée et rose corail translucide, évoquant la chaleur et la lumière d'un coucher de soleil exotique. Ce parfum s'adresse à une femme rayonnante, solaire et audacieuse, qui embrasse ses expériences avec passion.

L'aventure olfactive s'ouvre sur une envolée d'agrumes fusants et pétillants, où la mandarine de Sicile apporte une clarté instantanée à la fraîcheur signature de la fleur d'oranger. En son cœur, la fragrance révèle une richesse charnelle et veloutée spectaculaire : l'ylang-ylang des Comores, véritable joyau floral à la fois crémeux et solaire, s'associe à l'opulence de la tubéreuse d'Inde pour draper la peau d'une sensualité envoûtante. Enfin, le sillage s'épanouit dans une rondeur addictive et réconfortante, portée par l'onctuosité du bois de santal et la douceur de la vanille Bourbon.

À la fois lumineux, chaud et profondément magnétique, My Way Ylang réinvente la sophistication haute couture d'Armani à travers un prisme exotique et solaire. C'est la signature estivale absolue pour illuminer chaque journée d'une aura luxueuse, vibrante et irrésistible.",Giorgio Armani,Floral,,,TRUE,Title,Default Title,REF-ARM-363,shopify,10,continue,manual,299,499,TRUE,TRUE,https://l3qgcdajft9wdkxz.public.blob.vercel-storage.com/1784390443445-507573807-GIORGIO_ARMANI-MY_WAY_Ylang_edp.jpg,active
GUCCI-FLORA-GORGEOUS-GARDENIA-INTENSE-Eau-de-Parfum,GUCCI FLORA GORGEOUS GARDENIA INTENSE EDP,"Flora Gorgeous Gardenia Intense de Gucci pousse la signature joyeuse et fleurie de la collection originale vers un sommet d'opulence, de densité et de sensualité. Capturée dans un flacon de verre laqué d'un magenta profond et mystérieux, magnifiée par le célèbre motif floral Flora de la maison, cette fragrance est une ode à la force intérieure, à l'optimisme et à la haute couture. Elle s'adresse à la femme audacieuse qui embrasse sa liberté et rayonne avec une assurance contagieuse.

L'histoire olfactive s'ouvre sur une envolée fruitée et lumineuse, où la douceur délicate de la fleur de poirier s'anime au contact des baies rouges pour captiver dès les premières secondes. En son cœur, le parfum dévoile toute sa puissance botanique et charnelle : le gardénia blanc, magnétique et texturé, s'associe à la richesse de l'absolu de jasmin pour créer un bouquet d'une générosité spectaculaire. Enfin, le sillage évolue vers une profondeur délicieusement addictive, enveloppant la peau d'un accord de sucre roux et de patchouli moderne qui confère à la fragrance une tenue et une intensité remarquables.

Plus riche, plus texturée et résolument captivante, cette version Intense est une véritable déclaration de style. C'est le sillage parfait pour celles qui veulent transformer leur parfum en une signature mémorable, vibrante et infiniment sophistiquée.",Gucci,Floral,,,TRUE,Title,Default Title,REF-GUC-361,shopify,10,continue,manual,299,399,TRUE,TRUE,https://l3qgcdajft9wdkxz.public.blob.vercel-storage.com/1784389840798-451838870-gucci_flora_intense.jpg,active
amouage-interlude-man-tester,Amouage Interlude Men,"Un chef-d'œuvre de résines, de cuir et d'encens fumé, adouci par une touche d'origan et de vanille. Un parfum à la puissance monumentale et hypnotique.",Amouage,Oriental Boisé,,"niche,tester",TRUE,Title,Default Title,REF-AMO-054,shopify,,continue,manual,299,,TRUE,TRUE,https://l3qgcdajft9wdkxz.public.blob.vercel-storage.com/1784027249449-582318655-amouage_interloude_men.jpg,active
ARMANI- MY-WAY-FLORAL-Eau-de-Parfum,ARMANI MY WAY FLORAL EDP,"My Way Floral de Giorgio Armani est une réinterprétation plus fraîche, lumineuse et pétillante du bouquet floral blanc emblématique de la collection originale. Capturée dans un flacon sculptural en verre givré translucide évoquant la douceur de la rosée du matin, cette fragrance cristallise le frisson d'une nouvelle rencontre et l'élan vers la découverte de soi. Elle s'adresse à la femme curieuse, rayonnante et indépendante qui embrasse le monde avec optimisme.

L'aventure olfactive s'ouvre sur un éclat hespéridé saisissant, où la mandarine verte rencontre la vivacité lumineuse de la fleur d'oranger et du néroli pour apporter une fraîcheur fusante dès les premiers instants. En son cœur, la fragrance dévoile toute sa poésie botanique : la tubéreuse d'Inde, charnelle et iconique, s'associe à la délicatesse du néroli pour draper la peau d'un voile floral moderne et élégant. Enfin, le sillage s'épanouit dans une base réconfortante d'une douceur remarquable, portée par l'onctuosité de la vanille Bourbon de Madagascar et un nuage de muscs blancs effet ""seconde peau"".

À la fois éclatant, doux et profondément inspirant, My Way Floral combine une sophistication haute couture à une fraîcheur addictive. C'est la signature printanière et estivale idéale pour illuminer chaque journée d'une aura chic et mémorable.",Giorgio Armani,Floral,,,TRUE,Title,Default Title,REF-ARM-362,shopify,10,continue,manual,299,499,TRUE,TRUE,https://l3qgcdajft9wdkxz.public.blob.vercel-storage.com/1784390075196-292118661-my_way_floral_edp.jpg,active
si-passione-tester,Armani SÌ PASSIONE EDP Intense,"Le nectar de cassis signature se fait plus liquoreux, enveloppant un cœur floral vibrant et un fond boisé suave. Une tension sensuelle irrésistible.",Giorgio Armani,Ambré Floral,,"tester,nouveau",TRUE,Title,Default Title,REF-ARM-182,shopify,10,continue,manual,299,400,TRUE,TRUE,https://l3qgcdajft9wdkxz.public.blob.vercel-storage.com/raw-1783986810313-Si_Passione.jpg,active
armani-stronger-with-you-oud-tester,Armani Stronger With You Oud,"Une combinaison majestueuse de bois de oud et de tabac riche, adoucie par la fève tonka, l'encens et les agrumes. Un parfum envoûtant, chaud et texturé.",Giorgio Armani,Ambré Boisé,,"tester,nouveau",TRUE,Title,Default Title,REF-ARM-073,shopify,9,continue,manual,299,499,TRUE,TRUE,https://l3qgcdajft9wdkxz.public.blob.vercel-storage.com/raw-1783986814636-armani_stronger_with_you_oud.jpg,active
YSL-La-Nuit-De-L'Homme-Bleu-Électrique-Eau-de-Toilette,YSL La Nuit De L'Homme Bleu Électrique EDT Intense,"L'Histoire du Parfum (Description Longue)
La Nuit de L'Homme Bleu Électrique d'Yves Saint Laurent est une variation intense, plus fraîche et résolument électrique du grand classique de la séduction masculine. Capturé dans son flacon cylindrique iconique qui s'habille pour l'occasion d'un dégradé bleu nuit incandescent et magnétique, ce parfum évoque l'atmosphère suspendue d'une nuit urbaine où la tension monte. Il est le sillage de l'homme moderne, mystérieux et sûr de lui, qui avance dans l'obscurité avec un charisme désinvolte et ravageur.

L'expérience olfactive s'ouvre sur un éclat de fraîcheur fusante et piquante, où la cardamome iconique de la gamme est bousculée par l'énergie vibrante du gingembre et de la bergamote. En son cœur, la fragrance gagne en élégance et en douceur aromatique grâce à la pureté de la lavande Diva de Provence, une note exclusive qui donne au parfum son relief si particulier. Enfin, le piège de la séduction se referme dans une base boisée et fumée, portée par la noblesse du cèdre et du vétiver, conférant au sillage une virilité sensuelle et une excellente tenue.

À la fois frais, épicé et profondément addictif, Bleu Électrique est devenu une véritable légende urbaine pour les amateurs de compliments. C'est l'arme invisible idéale pour l'homme qui veut marquer les esprits dès le premier regard et laisser une empreinte inoubliable au cœur de la nuit.",Yves Saint Laurent,Boisé,,,TRUE,Title,Default Title,REF-YVE-365,shopify,10,continue,manual,299,499,TRUE,TRUE,https://l3qgcdajft9wdkxz.public.blob.vercel-storage.com/1784391012199-178034670-yves_la_nuit_de_l_homme_blue_elec.jpg,active
armani-stronger-with-you-tobacco-eau-de-parfum-tester,Armani Stronger With You Tobacco,"Une interprétation audacieuse où les feuilles de tabac riches et texturées viennent complexifier la douceur vanillée. Envoûtant, mature et charismatique.",Giorgio Armani,Ambré Épicé,,"tester,nouveau",TRUE,Title,Default Title,REF-ARM-075,shopify,10,continue,manual,299,499,TRUE,TRUE,https://l3qgcdajft9wdkxz.public.blob.vercel-storage.com/raw-1783986813743-armani_stronger_with_you_tobacco.jpg,active
VALENTINO-UOMO-BORN-IN-ROMA-GREEN-STRAVAGANZA,VALENTINO UOMO BORN IN ROMA GREEN STRAVAGANZA EDT,"Uomo Born In Roma Green Stravaganza de Valentino est une ode vibrante à l'extravagance, à la liberté et à l'expression de soi qui anime les rues de Rome à l'aube. Capturé dans l'emblématique flacon sculptural taillé en pointes de diamant — le célèbre motif ""Rockstud"" signature de la maison haute couture — ce parfum révèle un élixir vert électrique. Il incarne le sillage de l'homme audacieux, authentique et magnétique, qui embrasse sa singularité avec une assurance décomplexée.

L'histoire olfactive s'ouvre sur un choc d'énergie pure et lumineuse, mené par la fraîcheur fusante de la bergamote de Calabre qui réveille instantanément les sens. En son cœur, la fragrance bascule de manière inattendue dans une dimension hautement addictive et texturée : un accord de café noir torréfié vient bousculer la clarté initiale, capturant toute l'intensité et la chaleur d'un espresso italien corsé. Enfin, le sillage s'étire vers une virilité noble et sophistiquée, ancrée dans la profondeur boisée et terreuse de l'essence de vétiver d'Haïti.

Moderne, percutant et follement contrasté, Green Stravaganza réinvente les codes de la parfumerie masculine. C'est la signature idéale pour l'homme qui veut marquer les esprits par un équilibre parfait entre fraîcheur hespéridée et chaleur ténébreuse.",Valentino,Boisé,,,TRUE,Title,Default Title,REF-VAL-366,shopify,10,continue,manual,299,499,TRUE,TRUE,https://l3qgcdajft9wdkxz.public.blob.vercel-storage.com/1784391257862-925377715-VALENTINO_UOMO_BORN_IN_ROMA_GREEN_STRAVAGANZA.jpg,active
Louis-Vuitton-Imagination,Louis Vuitton Imagination,"Imagination de Louis Vuitton est une œuvre d'art olfactive qui célèbre l'impulsion créative, l'audace et la liberté de l'esprit. Conçue par le Maître Parfumeur Jacques Cavallier Belletrud, cette fragrance capture la magie des voyages immobiles, là où la pensée s'évade au-delà des frontières et redéfinit le possible. Logé dans le flacon épuré et cristallin signature de la Maison, révélant un jus d'un bleu-vert aquatique et lumineux, ce parfum incarne un luxe moderne, aérien et d'une élégance absolue.

L'histoire s'ouvre sur une clarté spectaculaire, une véritable surdose d'agrumes nobles où la bergamote de Calabre et l'orange de Sicile fusionnent pour apporter une fraîcheur fusante et instantanée d'une qualité inégalée. En son cœur, la fragrance gagne en relief et en tempérament grâce au contraste saisissant d'un gingembre nigérian piquant, subtilement réchauffé par la cannelle et magnifié par la pureté florale du néroli. Enfin, le sillage se déploie dans une dimension hautement contemporaine et addictive : l'ambroxan, joyau de la haute parfumerie à l'effet peau propre et ambrée, s'associe aux notes nobles et délicatement fumées du thé noir de Chine pour ancrer la fragrance sur la peau.

À la fois d'une fraîcheur éclatante et d'une persistance rare pour une composition hespéridée, Imagination transcende les codes traditionnels. C'est le sillage invisible de l'homme sophistiqué et visionnaire qui recherche un parfum d'exception, lumineux, propre et irrésistiblement mémorable.",Louis Vuitton,Aromatique,,,TRUE,Title,Default Title,REF-LOU-367,shopify,10,continue,manual,399,599,TRUE,TRUE,https://l3qgcdajft9wdkxz.public.blob.vercel-storage.com/1784391767642-346836464-Louis_Vuitton.jpg,active
amouage-epic-tester,Amouage Decision,Une fraîcheur foudroyante de bergamote et d'épices qui se fond dans la profondeur mystique de l'encens. Une signature lumineuse pour les esprits affirmés.,Amouage,Boisé Aromatique,,"tester,nouveau",TRUE,Title,Default Title,REF-AMO-065,shopify,,continue,manual,399,499,TRUE,TRUE,https://l3qgcdajft9wdkxz.public.blob.vercel-storage.com/raw-1783986816729-amouage_epic_white.jpg,active
boss-bottled-night-eau-de-toilette-tester,Boss Bottled Night,"Une composition virile et magnétique articulée autour du bois de Louro Amarelo, de la lavande et du musc. L'arme de séduction pour les soirées d'été.",Hugo Boss,Boisé Aromatique,,"tester,nouveau",TRUE,Title,Default Title,REF-BOS-228,shopify,10,continue,manual,299,499,TRUE,TRUE,https://l3qgcdajft9wdkxz.public.blob.vercel-storage.com/1784027786261-221282818-bottled_boss_night.jpg,active
Absolu-Aventus-Creed,Creed Absolu Aventus,"Absolu Aventus de Creed est un parfum Chypré Fruité pour homme. C'est un nouveau parfum. Absolu Aventus a été lancé en 2025. Les notes de tête sont Ananas, Cassis, Pamplemousse, Poivre rose, Citron et Bergamote; les notes de coeur sont Cardamome, Cannelle et Gingembre; les notes de fond sont Vétiver et Patchouli.",Creed,Aromatique,,,TRUE,Title,Default Title,REF-CRE-355,shopify,10,continue,manual,299,499,TRUE,TRUE,https://l3qgcdajft9wdkxz.public.blob.vercel-storage.com/1784030710454-24792876-creed_absolu.jpg,active
burberry-her-tester,Burberry Her Intense,"L'ADN fruité original s'enrichit d'une mûre profonde et veloutée et d'un jasmin enivrant. Un sillage plus riche, plus chaud et irrésistiblement sophistiqué.",Burberry,Floral Fruité Gourmand,,"tester,nouveau",TRUE,Title,Default Title,REF-BUR-232,shopify,10,continue,manual,299,449,TRUE,TRUE,https://l3qgcdajft9wdkxz.public.blob.vercel-storage.com/raw-1783986815953-burberry_her_intense.jpg,active
burberry-goddess-eau-de-parfum-tester,Burberry Goddess,"Une création unique s'articulant autour d'un trio puissant de vanilles, délicatement rafraîchie par une lavande lumineuse. Une aura réconfortante, noble et puissante.",Burberry,Ambré,,"tester,nouveau",TRUE,Title,Default Title,REF-BUR-230,shopify,10,continue,manual,299,499,TRUE,TRUE,https://l3qgcdajft9wdkxz.public.blob.vercel-storage.com/raw-1783986815093-burberry_goddess.jpg,active
guerlain-aqua-allegoria-nerolia-vetiver-tester,Guerlain Aqua Allegoria Nerolia Vetiver,L'éclat floral du néroli de Calabre se mêle au vétiver boisé et à la fraîcheur gourmande de la figue. Une radiance chic et gorgée de soleil.,Guerlain,Floral Boisé,,"tester,nouveau",TRUE,Title,Default Title,REF-GUE-278,shopify,,continue,manual,299,499,TRUE,TRUE,https://l3qgcdajft9wdkxz.public.blob.vercel-storage.com/1784028683034-760620920-Guerlain_Aqua_Allegoria_Nerolia_Vetiver.jpg,active
Yves-saint-Laurent-Libbre-Vanille-Couture-EDP,Yves saint Laurent Libbre Vanille Couture EDP,"Avec Libre Vanille Couture, la maison Yves Saint Laurent élève sa signature olfactive la plus emblématique au sommet de la haute parfumerie et de la sophistication couture. Cette édition d'exception célèbre la rencontre entre l'esprit transgressif de Libre et le luxe solaire et fastueux de l'or.

La composition pousse à son paroxysme la tension iconique entre la lavande Diva française et la fleur d'oranger marocaine en les baignant dans une overdose de vanilles rares. Le départ scintillant et subtilement épicé introduit un cœur floral vibrant, avant de plonger dans une texture riche, liquoreuse et addictive dominée par un duo d'infusion et d'absolu de vanille Bourbon. Rehaussé par la chaleur de bois précieux et d'un ambre enveloppant, le sillage laisse une empreinte magnétique, chaleureuse et inoubliable.

Véritable chef-d'œuvre de design, le flacon s'habille d'un manteau doré texturé comme un tissu haute couture brossé à la feuille d'or, contrasté par le mythique Cassandre YSL oversize cloué au verre et un capot asymétrique noir laqué. Libre Vanille Couture incarne le triomphe de la féminité affirmée, de l'extravagance assumée et du glamour absolu.",Yves Saint Laurent,Floral,,,TRUE,Title,Default Title,REF-YVE-400,shopify,10,continue,manual,299,499,TRUE,TRUE,https://l3qgcdajft9wdkxz.public.blob.vercel-storage.com/1788176595384-562653187-Yves_saint_Laurent_Libbre_Vanille_Couture_EDP.jpg,active
chanel-chance-eau-tendre-eau-de-toilette-tester,Chanel Chance Eau Tendre,L'entrelacement délicat d'un accord pamplemousse-coing fruité avec la douceur du jasmin et la tendresse des muscs blancs. Un voile de pure tendresse.,Chanel,Floral Fruité,,"tester,nouveau",TRUE,Title,Default Title,REF-CHA-238,shopify,,continue,manual,299,499,TRUE,TRUE,https://l3qgcdajft9wdkxz.public.blob.vercel-storage.com/1784027974878-933493636-Chanel_Chance_tendre.jpg,active
Louis-Vuitton-California-Dream,Louis Vuitton California Dream,"California Dream de Louis Vuitton est une véritable poésie olfactive qui capture la nostalgie et la splendeur éphémère d'un coucher de soleil sur la côte ouest américaine. Imaginée par le Maître Parfumeur Jacques Cavallier Belletrud, cette fragrance est conçue pour prolonger à l'infini le bonheur d'une journée d'été basculant doucement vers la fraîcheur de la nuit. Le flacon lui-même s'affiche comme une œuvre d'art, habillé d'un dégradé fascinant de bleu azur et de rose incandescent (créé en collaboration avec l'artiste Alex Israel), reflétant fidèlement le ciel de Los Angeles à l'heure dorée.

L'expérience sensorielle s'ouvre sur un éclat d'une clarté absolue, dominé par une mandarine sicilienne d'une fraîcheur fusante, vive et gorgée de soleil. En son cœur, la fragrance s'adoucit et gagne en texture grâce à la graine d'ambrette, qui introduit des nuances charnelles, délicatement fruitées et subtilement sophistiquées. Enfin, le sillage se pose avec une tendresse infinie sur un fond de benjoin baumé et de muscs blancs, créant une chaleur douce ""effet seconde peau"", pareille aux derniers rayons du soleil qui caressent la peau avant le crépuscule.

À la fois frais, chaleureux et incroyablement poétique, California Dream transcende les codes traditionnels de la fraîcheur. C'est la signature olfactive idéale pour les esprits libres et rêveurs en quête d'un sillage lumineux, propre et intensément évocateur.",Louis Vuitton,Aromatique,,,TRUE,Title,Default Title,REF-LOU-370,shopify,,continue,manual,399,549,TRUE,TRUE,https://l3qgcdajft9wdkxz.public.blob.vercel-storage.com/1784392710368-925257874-Louis_Vuitton_ccalifornia_dream.jpg,active
chanel-allure-homme-sport-eau-de-toilette-tester,Chanel Allure Homme Sport,"Une fraîcheur pétillante de mandarine italienne contrastée par la sensualité de la fève tonka et du musc blanc. Un sillage dynamique, élégant et vivifiant.",Chanel,Boisé Épicé (Frais),,"tester,nouveau",TRUE,Title,Default Title,REF-CHA-234,shopify,10,continue,manual,299,399,TRUE,TRUE,https://l3qgcdajft9wdkxz.public.blob.vercel-storage.com/raw-1783986819840-Chanel_Allure_Homme_Sport.jpg,active
chanel-chance-eau-de-parfum-tester,Chanel Chance,Testeur authentique de Chanel Chance par Chanel. Profitez de la même fragrance exceptionnelle à un prix imbattable.,Chanel,Signature,,"tester,nouveau",TRUE,Title,Default Title,REF-CHA-236,shopify,10,continue,manual,299,499,TRUE,TRUE,https://l3qgcdajft9wdkxz.public.blob.vercel-storage.com/raw-1783986819335-Chanel_Chance.jpg,active
L'Immensité-Louis-Vuitton,L'Immensité Louis Vuitton,"L'Immensité de Louis Vuitton est une invitation à l'évasion, un hymne à la libération et au renouveau. Composé par le Maître Parfumeur Jacques Cavallier Belletrud, ce sillage capture l'instant précis où l'on se tient face à l'immensité d'un paysage infini, les yeux rivés sur l'horizon, prêt à réinventer sa vie. Logé dans le flacon épuré et intemporel de la Maison, laissant transparaître un jus doré et lumineux, ce parfum incarne un luxe moderne, dynamique et profondément captivant.

L'histoire olfactive s'ouvre sur un contraste saisissant de fraîcheur et de vivacité. Une surdose de gingembre du Nigeria, fusante, piquante et poivrée, se mêle à l'amertume désaltérante du pamplemousse d'Italie pour électriser les sens dès les premières secondes. En son cœur, la fragrance gagne en élégance aromatique grâce aux notes nobles du romarin et de la sauge sclarée, bousculées par un souffle aquatique pur et revigorant. Enfin, le piège de la séduction se déploie dans une sensualité hautement addictive et texturée, portée par l'ambroxan — note signature de la fraîcheur contemporaine — et la chaleur résineuse du labdanum, conférant au parfum une tenue exceptionnelle sur la peau.

À la fois tonique, chic et d'une sophistication sans compromis, L'Immensité est la signature incontournable de l'homme en quête d'un parfum à l'impact immédiat. Un sillage propre, racé et magnétique, conçu pour marquer les esprits et laisser une empreinte mémorable à chacun de vos passages.",Louis Vuitton,Aromatique,,,TRUE,Title,Default Title,REF-LOU-369,shopify,,continue,manual,349,499,TRUE,TRUE,https://l3qgcdajft9wdkxz.public.blob.vercel-storage.com/1784392450028-878881210-Louis_Vuitton_l_immensite.jpg,active
chanel-chance-eau-splendide-tester,Chanel Chance Eau Splendide,"Une réinterprétation lumineuse où les notes florales s'enveloppent d'une fraîcheur hespéridée vibrante. Un sillage joyeux, élégant et plein de vitalité.",Chanel,Floral Pétillant,,"tester,nouveau",TRUE,Title,Default Title,REF-CHA-237,shopify,,continue,manual,299,499,TRUE,TRUE,https://l3qgcdajft9wdkxz.public.blob.vercel-storage.com/1784027959576-243485381-Chanel_Chance_splendide.jpg,active
Boss-Bottled-Elixir-Parfum-Intense,Boss Bottled Elixir Parfum Intense,"Boss Bottled Elixir est l'interprétation la plus sombre, intense et luxueuse jamais créée pour la célèbre collection de Hugo Boss. Conçu pour célébrer la force intérieure et l'accomplissement de l'homme moderne, cet élixir d'une concentration rare s'affranchit des notes fruitées originales pour proposer une signature olfactive mature, opulente et d'un raffinement extrême. Son flacon iconique se pare pour l'occasion d'un laquage noir mystérieux, subtilement illuminé en son centre par une lueur dorée incandescente.

L'expérience s'ouvre sur un sillage saisissant où les volutes captivantes d'un encens précieux se mêlent à la chaleur épicée de la cardamome. En son cœur, la fragrance révèle une masculinité brute et texturée, portée par la noblesse vibrante du vétiver et la profondeur organique du patchouli. Enfin, le sillage s'ancre avec puissance dans une base hautement addictive d'absolu de ciste résineux et de bois de cèdre chaleureux, garantissant une longévité et une projection exceptionnelles.

Sophistiqué, ténébreux et follement charismatique, Boss Bottled Elixir est un parfum de caractère. C'est l'atout invisible de l'homme affirmé qui veut laisser une empreinte indélébile et une aura de mystère absolue à chacun de ses passages.",Hugo Boss,Boisé,,,TRUE,Title,Default Title,REF-BOS-364,shopify,10,continue,manual,299,450,TRUE,TRUE,https://l3qgcdajft9wdkxz.public.blob.vercel-storage.com/1784390686228-167846507-bottled_boss_elixir.jpg,active
Qaed-Al-Fursan-Unlimited,Qaed Al Fursan Unlimited,"Contrepartie lumineuse et solaire de l'emblématique flacon noir, Qaed Al Fursan Unlimited de la maison Lattafa est conçu comme une escapade vers une île paradisiaque baignée de soleil. Présenté dans un flacon blanc immaculé rehaussé d'une plaque dorée ornée du noble étalon arabe, il symbolise l'élégance pure, la douceur réconfortante et l'hospitalité orientale contemporaine.

Dès les premières pulvérisations, la fragrance transporte instantanément l'esprit vers un rivage tropical grâce à un accord lacté et gourmand de noix de coco fraîche, vivifié par une touche d'agrumes et d'ananas juteux. Le cœur s'épanouit rapidement dans un bouquet de fleurs blanches et solaires, où l'ylang-ylang velouté et le jasmin apportent une richesse opulente et raffinée. En séchant délicatement sur la peau, le parfum dévoile un fond chaud et addictif dominé par une vanille onctueuse, des muscs blancs soyeux et du bois de santal crémeux, laissant un sillage doux, sensuel et durable qui évoque une peau caressée par le soleil.",Lattafa,Floral Fruité Gourmand,,,FALSE,Title,Default Title,REF-LAT-390,shopify,10,continue,manual,500,,TRUE,TRUE,https://l3qgcdajft9wdkxz.public.blob.vercel-storage.com/1787675662619-159731446-qaaed_al_fursan_unlimited_lattafa.jpg,draft
creed-viking-eau-de-parfum-tester,Creed Viking,"Un choc flamboyant de poivre rose, de menthe poivrée et de bois de santal, inspiré par les navires épiques. Un parfum ardent, audacieux et résolu.",Creed,Boisé Aromatique,,"tester,nouveau",TRUE,Title,Default Title,REF-CRE-245,shopify,,continue,manual,299,499,TRUE,TRUE,https://l3qgcdajft9wdkxz.public.blob.vercel-storage.com/raw-1783986822441-Creed_Viking.jpg,active
black-opium-le-parfum-tester,Yves Black Opium,"L'accord café signature est bousculé par la gourmandise juteuse et acidulée d'une cerise noire intense. Une addiction liquoreuse, sombre et désirable.",Yves Saint Laurent,Ambré Floral Fruité,,"tester,nouveau",TRUE,Title,Default Title,REF-YVE-224,shopify,10,continue,manual,299,499,TRUE,TRUE,https://l3qgcdajft9wdkxz.public.blob.vercel-storage.com/raw-1783986830905-black_opium.jpg,active
narciso-rouge-tester,Narciso Rodriguez Narciso Rouge EDP,Testeur authentique de Narciso Rouge par Jean Paul Gaultier. Profitez de la même fragrance exceptionnelle à un prix imbattable.,Narciso Rodriguez,Signature,,"tester,nouveau",TRUE,Title,Default Title,REF-NAR-312,shopify,10,continue,manual,299,499,TRUE,TRUE,https://l3qgcdajft9wdkxz.public.blob.vercel-storage.com/raw-1783986846939-Narciso_Rouge.jpg,active
creed-aventus-eau-de-parfum-tester,Creed Aventus,"Une ouverture spectaculaire d'ananas, de bergamote et de pomme croquante, s'appuyant sur un fond fumé de bouleau et de musc de chêne. La puissance à l'état pur.",Creed,Chypré Fruité,,"tester,nouveau",TRUE,Title,Default Title,REF-CRE-243,shopify,10,continue,manual,299,399,TRUE,TRUE,https://l3qgcdajft9wdkxz.public.blob.vercel-storage.com/raw-1783986820669-Creed_Aventus.jpg,active
dior-dior-homme-intense-tester,Dior Homme Intense,Un iris majestueux et poudré qui se fond dans la chaleur ambrée de l'ambrette et l'élégance du cèdre de Virginie. Une sophistication nocturne et magnétique.,Dior,Boisé Floral Musqué,,"tester,nouveau",TRUE,Title,Default Title,REF-DIO-250,shopify,9,continue,manual,299,499,TRUE,TRUE,https://l3qgcdajft9wdkxz.public.blob.vercel-storage.com/raw-1783986823993-Dior_Homme_Intense.jpg,active
Louis-Vuitton-Ombre-Nomade,Louis Vuitton - Ombre Nomade,"Ombre Nomade de Louis Vuitton est l'un des chefs-d'œuvre absolus et les plus convoqués de la haute parfumerie contemporaine. Imaginé par le Maître Parfumeur Jacques Cavallier Belletrud, ce parfum capture la beauté sauvage, changeante et mystique du désert, là où le soleil couchant embrase le ciel et étire les ombres sur le sable infini. Logé dans un flacon architectural teinté d'un brun sombre et mystérieux, magnifié par des reflets d'or, il est le symbole d'un luxe pur, sans compromis, à la fois brut, ténébreux et profondément impérial.

L'expérience olfactive propose un voyage sensoriel d'une intensité rare. La fragrance s'ouvre sur un contraste saisissant où une touche de framboise et de safran apporte une lueur fruitée, presque incandescente, à travers l'obscurité. Très vite, le cœur sacré du parfum se révèle : un bois de Oud Assam d'une qualité et d'une pureté exceptionnelles s'entrelace aux volutes envoûtantes d'un encens spirituel et fumé. Enfin, le piège de la séduction s'ancre dans une base animale et enveloppante de cuir noir et de bois de bouleau, conférant au sillage une texture veloutée et une profondeur addictive.

Reconnu mondialement pour sa projection spectaculaire et sa longévité légendaire sur la peau, Ombre Nomade transcende les genres et les tendances. C'est la signature ultime des personnalités affirmées et des connaisseurs exigeants qui recherchent un sillage d’exception, mystique, charismatique et absolument inoubliable.",Louis Vuitton,Boisé,,,TRUE,Title,Default Title,REF-LOU-368,shopify,,continue,manual,349,550,TRUE,TRUE,https://l3qgcdajft9wdkxz.public.blob.vercel-storage.com/1784392155211-51195986-Louis_Vuitton_-_Ombre_Nomade.jpg,active
dior-sauvage-elixir-eau-de-parfum-tester,Dior Sauvage Elixir,"Une concentration extrême où les épices chaudes (muscade, cannelle) rencontrent une lavande sur-mesure et un fond riche de bois liquoreux. Un sillage racé, dense et nocturne.",Dior,Aromatique Boisé Épicé,,"tester,nouveau",TRUE,Title,Default Title,REF-DIO-253,shopify,10,continue,manual,299,499,TRUE,TRUE,https://l3qgcdajft9wdkxz.public.blob.vercel-storage.com/raw-1783986823221-Dior_Sauvage_Elixir.jpg,active
valentino-uomo-born-in-roma-intense-eau-de-parfum-tester,Valentino Uomo Born In Roma Intense EDP,"La fraîcheur aromatique de la lavande se fond dans la chaleur suave de la vanille et la profondeur d'un vétiver fumé. Un sillage dense, viril et nocturne.",Valentino,Ambré Fougère,,"tester,nouveau",TRUE,Title,Default Title,REF-VAL-339,shopify,8,continue,manual,299,499,TRUE,TRUE,https://l3qgcdajft9wdkxz.public.blob.vercel-storage.com/raw-1783986825370-Valentino_Uomo_Born_In_Roma_Intense.jpg,active
armani-stronger-with-you-absolutely-tester,Armani Stronger With You Absolutely,"Un accord rhum captivant marié à la lavande française et à la vanille de Madagascar. Un sillage liquoreux, nocturne et profondément magnétique.",Giorgio Armani,Ambré Fougère,,"tester,nouveau",TRUE,Title,Default Title,REF-ARM-071,shopify,10,continue,manual,299,499,TRUE,TRUE,https://l3qgcdajft9wdkxz.public.blob.vercel-storage.com/raw-1783986825929-armani_stronger_with_you_abso.jpg,active
CK-Free-for-Men-Calvin-Klein-Eau-de-Toilette,CK Free for Men – Calvin Klein Eau de Toilette,"CK Free for Men de Calvin Klein est une fragrance masculine créée autour d’une idée simple : la liberté. Lancé en 2009, ce parfum signé Rodrigo Flores-Roux et Ellen Molner propose une composition moderne qui associe fraîcheur aromatique, accords boisés et facettes plus profondes de daim, de café et de tabac.

Dès l’ouverture, CK Free dévoile une fraîcheur originale et énergique. Les baies de genévrier s’associent à l’anis étoilé et à l’absinthe, créant une sensation aromatique fraîche et légèrement épicée. Le jacquier apporte une nuance fruitée inhabituelle qui donne immédiatement une identité particulière à la fragrance.

Le cœur révèle ensuite un caractère plus masculin et sophistiqué. Le daim apporte une texture douce et élégante, tandis que les feuilles de tabac et le café donnent davantage de profondeur à la composition. Le buchu, plante aromatique originaire d’Afrique du Sud, vient renforcer son côté vert et distinctif.

Enfin, la fragrance repose sur une base résolument boisée. Le patchouli, le bois de chêne, le cèdre du Texas et le bois de fer du Costa Rica forment un sillage sec, chaleureux et masculin qui équilibre parfaitement la fraîcheur des premières notes.",Calvin Klein,Aromatique Boisé,,,TRUE,Title,Default Title,,shopify,2,continue,manual,599,699,TRUE,TRUE,https://l3qgcdajft9wdkxz.public.blob.vercel-storage.com/1788984733756-712966714-Ck_free_for_men.jpg,active
l-interdit-noir-eau-de-parfum-intense-tester,GIVENCHY L'INTERDIT EDP Intense,"Le bouquet de fleurs blanches (fleur d'oranger, tubéreuse) bascule dans l'obscurité avec un sillage addictif de vanille cuirée, de sésame torréfié et de vétiver. Sensuel et mystérieux.",Givenchy,Ambré Floral,,"tester,nouveau",TRUE,Title,Default Title,REF-GIV-295,shopify,10,continue,manual,299,499,TRUE,TRUE,https://l3qgcdajft9wdkxz.public.blob.vercel-storage.com/1784028397745-316891243-L_Interdit_Noir_Intense.jpg,active
gucci-flora-gorgeous-gardenia-eau-de-parfum-tester,Gucci Flora Gorgeous Gardenia,"L'éclat de la fleur de poirier introduit un cœur riche de gardénia blanc, adouci par une touche de sucre roux gourmand. Un parfum pétillant et optimiste.",Gucci,Floral Fruité,,"tester,nouveau",TRUE,Title,Default Title,REF-GUC-270,shopify,10,continue,manual,299,499,TRUE,TRUE,https://l3qgcdajft9wdkxz.public.blob.vercel-storage.com/raw-1783986828803-Gucci_Flora_Gorgeous_Gardenia.jpg,active
Louis-Vuitton-Matiere-noire,Louis Vuitton Matiere noire,"Matière Noire de Louis Vuitton est une œuvre olfactive fascinante qui explore les facettes les plus secrètes, sombres et magnétiques de la haute parfumerie. Imaginée par le Maître Parfumeur Jacques Cavallier Belletrud, cette fragrance se vit comme une odyssée sensorielle au cœur d’une nature impénétrable, là où l'obscurité des bois précieux est soudainement transpercée par la lumière cristalline de fleurs sacrées. Logé dans le flacon épuré signature de la Maison, révélant un jus d'un rose doux et énigmatique, ce parfum incarne une féminité de caractère, sophistiquée et intensément magnétique.

L'expérience s'ouvre sur un contraste saisissant de fraîcheur fruitée. L'acidité vibrante du cassis et de la groseille s'anime au contact de notes aquatiques fluides, captivant les sens dès les premiers instants. En son cœur, la fragrance bascule dans une poésie botanique d'un luxe absolu : la noblesse charnelle de la rose de mai s'entrelace à l'intensité solaire du jasmin sambac pour draper la peau d'un voile de haute couture. Enfin, le piège de la séduction se referme dans une profondeur ténébreuse et addictive. Le précieux bois de oud du Laos fusionne avec la richesse terreuse du patchouli et les volutes spirituelles de l'encens, conférant au sillage une texture veloutée et une persistance royale.

Jouant à la perfection sur le contraste du clair-obscur, Matière Noire est un parfum de sillage et de sillage. C'est la signature invisible idéale pour la femme affirmée qui recherche une fragrance texturée, rare et enveloppante, conçue pour intriguer, fasciner et laisser un souvenir impérissable.",Louis Vuitton,Boisé,,,TRUE,Title,Default Title,REF-LOU-371,shopify,,continue,manual,349,500,TRUE,TRUE,https://l3qgcdajft9wdkxz.public.blob.vercel-storage.com/1784392979542-612376027-Louis_Vuitton_matiere_Noire.jpg,active
Louis-Vuitton-Spell-On-You,Louis Vuitton Spell On You,"Spell On You de Louis Vuitton est une vibrante déclaration d'amour olfactive, un philtre de séduction irrésistible qui capture la tension magnétique et l'espièglerie d'un jeu amoureux passionné. Imaginée par le Maître Parfumeur Jacques Cavallier Belletrud, cette fragrance fusionne le romantisme des fleurs les plus nobles avec une sensualité charnelle et addictive. Le flacon épuré de la Maison s'habille ici d'un motif hypnotique de pois rouges, célébrant une rencontre exclusive entre l'art contemporain et la haute parfumerie, où le rythme visuel fait écho à l'obsession amoureuse.

L'histoire s'ouvre sur une sophistication immédiate et d'une clarté remarquable. La fraîcheur vive des notes vertes vient éveiller la délicatesse poudrée de la violette et la noblesse d'un iris majestueux. En son cœur, le parfum dévoile toute sa dualité : la rose de mai et le jasmin sambac s'unissent à un absolu d'iris de Florence d'une qualité rare, drapant la peau d'une texture florale riche, dense et infiniment haute couture. Enfin, le piège de la séduction se referme dans une douceur espiègle et caressante. La rondeur fruitée de la pêche de vigne fusionne avec un nuage de muscs blancs, créant un effet ""seconde peau"" d'une persistance et d'un confort exceptionnels.

À la fois romantique, poudré et intensément magnétique, Spell On You transcende les bouquets floraux classiques. C'est le sillage invisible d'une femme sensuelle, joueuse et sûre de son charme, conçu pour ensorceler ceux qui croisent son chemin et laisser une empreinte mémorable à chacun de ses passages.",Louis Vuitton,Floral,,,TRUE,Title,Default Title,REF-LOU-372,shopify,,continue,manual,399,600,TRUE,TRUE,https://l3qgcdajft9wdkxz.public.blob.vercel-storage.com/1784393218538-725670294-Louis_Vuitton_Spell_On_You.jpg,active
my-way-EDP-tester,Armani My Way EDP,"Un bouquet floral éclatant de fleurs d'oranger et de tubéreuse d'Inde, soutenu par du cèdre et de la vanille. L'essence d'une féminité libre et curieuse.",Giorgio Armani,Floral,,"tester,nouveau",TRUE,Title,Default Title,REF-ARM-161,shopify,10,continue,manual,299,499,TRUE,TRUE,https://l3qgcdajft9wdkxz.public.blob.vercel-storage.com/raw-1783986832378-My_Way.jpg,active
gucci-bloom-tester,GUCCI - BLOOM EDP,"La tubéreuse et le jasmin se fondent avec la liane de Rangoon pour créer un sillage floral pur, poudré et profondément féminin. Un retour à l'authenticité.",Gucci,Floral Blanc,,"tester,nouveau",TRUE,Title,Default Title,REF-GUC-269,shopify,10,continue,manual,299,499,TRUE,TRUE,https://l3qgcdajft9wdkxz.public.blob.vercel-storage.com/raw-1783986831489-GUCCI_-_BLOOM_EDP.jpg,active
l-interdit-tester,Givenchy L'Interdit Parfum,Testeur authentique de L Interdit par Givenchy. Profitez de la même fragrance exceptionnelle à un prix imbattable.,Givenchy,Signature,,"tester,nouveau",TRUE,Title,Default Title,REF-GIV-296,shopify,10,continue,manual,299,499,TRUE,TRUE,https://l3qgcdajft9wdkxz.public.blob.vercel-storage.com/raw-1783986841692-L_Interdit.jpg,active
dior-poison-girl-eau-de-toilette-tester,Dior Poison Girl EDT,Une gourmandise insolente associant l'orange amère piquante à la sensualité de la fève tonka et de la rose de Grasse. Un parfum au charme sulfureux et addictif.,Dior,Ambré Vanillé,,"tester,nouveau",TRUE,Title,Default Title,REF-DIO-252,shopify,10,continue,manual,299,399,TRUE,TRUE,https://l3qgcdajft9wdkxz.public.blob.vercel-storage.com/raw-1783986834228-Dior_Poison_Girl.jpg,active
gucci-bamboo-eau-de-toilette-tester,Gucci Bamboo for Women Eau de Toilette ,"Une harmonie délicate entre la fraîcheur de la bergamote, l'exotisme du lys de Casablanca et la rondeur du bois de santal. Une élégance douce et lumineuse.",Gucci,Floral Boisé,,"tester,nouveau",TRUE,Title,Default Title,REF-GUC-268,shopify,10,continue,manual,299,499,TRUE,TRUE,https://l3qgcdajft9wdkxz.public.blob.vercel-storage.com/raw-1783986832857-Gucci_Bamboo_for_Women_Eau_de_Toilette.jpg,active
Qaaed-lattafa,Qaa'ed Lattafa,"Véritable hommage à la stature et au charisme (le mot Qaa'ed signifiant ""leader"" ou ""commandant"" en arabe), Qaa'ed de la maison Lattafa capture l'opulence pure des palais orientaux. Habillé d'un flacon cylindrique texturé couleur or étincelant, il évoque la puissance, la richesse des traditions et l'autorité naturelle.

Dès l'ouverture, la fragrance s'impose par un souffle chaud et magnétique où la cardamome aromatique et la cannelle se marient à un éclat subtil de bergamote. Le cœur révèle toute sa dimension royale à travers la préciosité du safran doré et du clou de girofle, sublimés par des bois de santal et de cèdre chaleureux. En fond, Qaa'ed dévoile une signature profonde et texturée de cuir noble, d'oud oriental et de vanille ambrée, laissant un sillage puissant, enveloppant et d'une remarquable persistance sur la peau.",Lattafa,Ambré Épicé,,,FALSE,Title,Default Title,REF-LAT-391,shopify,10,continue,manual,500,,TRUE,TRUE,https://l3qgcdajft9wdkxz.public.blob.vercel-storage.com/1787675755146-344892675-qaaed_lattafa.jpg,draft
asad-lattafa,Lattafa Asad,"L'Histoire du Parfum — Longue Description

Lattafa Asad est une fragrance masculine intense et charismatique, conçue pour exprimer la puissance, la confiance et l'élégance. Son nom, Asad, signifie « lion » en arabe, une référence directe au caractère imposant et audacieux de cette composition.

Dès les premières vaporisations, Asad dévoile une ouverture épicée et surprenante. Le poivre noir apporte une sensation piquante et énergique, tandis que l’ananas ajoute une facette fruitée subtile. Le tabac vient immédiatement renforcer le caractère sombre, chaleureux et masculin de la fragrance.

Au cœur, la composition devient plus profonde et sophistiquée. Le café apporte une facette sombre, torréfiée et légèrement amère, tandis que le patchouli apporte une dimension terreuse et boisée. L’iris vient équilibrer l’ensemble avec une touche plus élégante et poudrée, créant un contraste entre puissance et raffinement.

En fond, Asad révèle toute sa richesse. L’ambre apporte chaleur et sensualité, tandis que la vanille enveloppe la composition d'une douceur crémeuse et addictive. Les bois secs renforcent son côté masculin et profond, accompagnés par le benjoin et le ciste (labdanum) qui ajoutent des nuances résineuses, balsamiques et chaleureuses.

Asad est un parfum qui ne cherche pas à passer inaperçu. Il s’adresse à l’homme qui assume sa présence, qui apprécie les fragrances puissantes et qui souhaite laisser derrière lui une empreinte olfactive mémorable.

Avec son équilibre entre épices, tabac, café, vanille, ambre et bois, Asad se révèle particulièrement séduisant lorsque les températures baissent. Il trouve naturellement sa place durant l’automne et l’hiver, notamment lors des soirées, rendez-vous, événements et occasions où une fragrance riche et imposante est de mise.

Lattafa Asad — Une présence forte. Une signature inoubliable.",Lattafa,Ambré Épicé,,,FALSE,Title,Default Title,REF-LAT-377,shopify,10,continue,manual,500,,TRUE,TRUE,https://l3qgcdajft9wdkxz.public.blob.vercel-storage.com/1787672724118-178659599-asad_lattafa.jpg,draft
gucci-guilty-pour-homme-tester,Gucci Guilty Pour Homme,Une ouverture vivifiante de citron et de lavande contrastée par la sensualité profonde du bois de cèdre et du patchouli. Un magnétisme brut et audacieux.,Gucci,Boisé Aromatique,,"tester,nouveau",TRUE,Title,Default Title,REF-GUC-273,shopify,10,continue,manual,299,499,TRUE,TRUE,https://l3qgcdajft9wdkxz.public.blob.vercel-storage.com/raw-1783986834990-Gucci_Guilty_pour_homme.jpg,active
good-girl-tester,Carolina Herrira GOOD GIRL EDP,Le contraste saisissant entre la luminosité de la tubéreuse et l'obscurité addictive de la fève tonka et du cacao. Une arme de séduction logée dans son célèbre escarpin.,Carolina Herrera,Ambré Floral,,"tester,nouveau",TRUE,Title,Default Title,REF-CAR-267,shopify,10,continue,manual,299,499,TRUE,TRUE,https://l3qgcdajft9wdkxz.public.blob.vercel-storage.com/raw-1783986838466-CAROLINA_HERRERA_GOOD_GIRL_Eau_de_Parfum.jpg,active
kayali-elixir-eau-de-parfum-tester,KAYALI - Elixir | 11,"Un sillage torride où la lavande aromatique se fond dans une fève tonka addictive, un benjoin sensuel et un accord tabac miellé. Extrêmement charismatique.",Kayali,Ambré Fougère,,"tester,nouveau",TRUE,Title,Default Title,REF-KAY-289,shopify,10,continue,manual,299,399,TRUE,TRUE,https://l3qgcdajft9wdkxz.public.blob.vercel-storage.com/raw-1783986795119-Kayali_Elixir.jpg,active
guerlain-aqua-allegoria-herba-fresca-tester,Guerlain Aqua Allegoria Herba Fresca,"Le mariage inattendu du trèfle, de la menthe crépue et du thé vert. Une bouffée d'oxygène vivifiante, verte et incroyablement fraîche.",Guerlain,Aromatique Vert,,"tester,nouveau",TRUE,Title,Default Title,REF-GUE-276,shopify,,continue,manual,299,499,TRUE,TRUE,https://l3qgcdajft9wdkxz.public.blob.vercel-storage.com/1784028624755-305295637-Guerlain_Aqua_Allegoria_Herba_Fresca.jpg,active
gucci-flora-gorgeous-magnolia-eau-de-parfum-tester,Gucci Flora Gorgeous Magnolia,"L'essence de magnolia radieuse se mêle à l'accord mûre savoureux, reposant sur un sillage de patchouli sensuel. Une aura mystérieuse et joyeuse.",Gucci,Floral Fruité (Chypré),,"tester,nouveau",TRUE,Title,Default Title,REF-GUC-271,shopify,10,continue,manual,299,499,TRUE,TRUE,https://l3qgcdajft9wdkxz.public.blob.vercel-storage.com/raw-1783986795533-Gucci_Flora_Gorgeous_Magnolia.jpg,active
gucci-guilty-tester,Gucci Guilty,Testeur authentique de Gucci Guilty par Gucci. Profitez de la même fragrance exceptionnelle à un prix imbattable.,Gucci,Signature,,"tester,nouveau",TRUE,Title,Default Title,REF-GUC-274,shopify,10,continue,manual,299,499,TRUE,TRUE,https://l3qgcdajft9wdkxz.public.blob.vercel-storage.com/raw-1783986830067-Gucci_Guilty_femme.jpg,active
dolce-gabbana-the-one-eau-de-parfum-tester,Dolce Gabbana The One,"Un sillage opulent où la tubéreuse envoûtante rencontre la douceur du caramel et de la vanille. Une aura profondément sensuelle, mystérieuse et inoubliable.",Dolce & Gabbana,Oriental Floral,,"tester,nouveau",TRUE,Title,Default Title,REF-DOL-113,shopify,10,continue,manual,299,499,TRUE,TRUE,https://l3qgcdajft9wdkxz.public.blob.vercel-storage.com/raw-1783986790948-Dolce_Gabbana_The_One_Desire.jpg,active
amouage-epic-eau-de-parfum-tester,Amouage Epic Woman,"Un parfum boisé et profondément épicé qui évoque la puissance et le mystère de la Route de la Soie, mêlant la richesse du bois de oud et de l'encens à la chaleur des épices orientales.",Amouage,Boisé,,"tester,nouveau",TRUE,Title,Default Title,REF-AMO-064,shopify,,continue,manual,299,,TRUE,TRUE,https://l3qgcdajft9wdkxz.public.blob.vercel-storage.com/1784027181744-655478207-amouage_epic_women.jpg,active
jpg-divine-tester,JEAN PAUL GAULTIER GAULTIER DIVINE,"Une tension inédite entre un majestueux bouquet de lys, la gourmandise d'une meringue aérienne et un frisson d'air iodé. Divinement addictif.",Jean Paul Gaultier,Floral Gourmand Marin,,"tester,nouveau",TRUE,Title,Default Title,REF-JEA-287,shopify,10,continue,manual,299,499,TRUE,TRUE,https://l3qgcdajft9wdkxz.public.blob.vercel-storage.com/raw-1783986805002-Jpg_Divine.jpg,active
joy-dior-tester,Joy Dior,"Le sourire éclatant des fleurs (rose, jasmin) et des hespérides, complété par la caresse onctueuse des bois de santal et la sérénité des muscs. Limpide et enveloppant.",Dior,Floral Boisé Musqué,,"tester,nouveau",TRUE,Title,Default Title,REF-DIO-286,shopify,10,continue,manual,299,489,TRUE,TRUE,https://l3qgcdajft9wdkxz.public.blob.vercel-storage.com/raw-1783986840437-Joy_Dior.jpg,active
miss-dior-eau-de-parfum-tester,Miss Dior PARFUM,Un chypre moderne et opulent où le jasmin étoilé rencontre la gourmandise de la fraise des bois et la profondeur boisée du patchouli. Somptueux et charnel.,Dior,Chypré Floral,,"tester,nouveau",TRUE,Title,Default Title,REF-DIO-302,shopify,9,continue,manual,299,499,TRUE,TRUE,https://l3qgcdajft9wdkxz.public.blob.vercel-storage.com/1784029115159-214358233-Miss_Dior_parfum.jpg,active
kayali-yum-boujee-marshmallow-81-tester,Kayali Yum Boujee Marshmallow 81,Testeur authentique de Kayali Yum Boujee Marshmallow 81 par Jean Paul Gaultier. Profitez de la même fragrance exceptionnelle à un prix imbattable.,Kayali,Signature,,"tester,nouveau",TRUE,Title,Default Title,REF-KAY-293,shopify,10,continue,manual,299,399,TRUE,TRUE,https://l3qgcdajft9wdkxz.public.blob.vercel-storage.com/raw-1783986844050-Kayali_Yum_Boujee_Marshmallow_81.jpg,active
kayali-vanilla-candy-rock-sugar-42-tester,Kayali Vanilla Candy Rock Sugar 42,Testeur authentique de Kayali Vanilla Candy Rock Sugar 42 par Jean Paul Gaultier. Profitez de la même fragrance exceptionnelle à un prix imbattable.,Kayali,Signature,,"tester,nouveau",TRUE,Title,Default Title,REF-KAY-291,shopify,10,continue,manual,299,399,TRUE,TRUE,https://l3qgcdajft9wdkxz.public.blob.vercel-storage.com/raw-1783986842132-Kayali_Vanilla_Candy_Rock_Sugar_42.jpg,active
gucci-flora-gorgeous-orchid-tester,Gucci Flora Gorgeous Orchid,Une dualité envoûtante entre la chaleur enveloppante de la vanille et la fraîcheur ozonique éclatante de l'orchidée. Un contraste fascinant et onirique.,Gucci,Floral Gourmand,,"tester,nouveau",TRUE,Title,Default Title,REF-GUC-272,shopify,10,continue,manual,299,499,TRUE,TRUE,https://l3qgcdajft9wdkxz.public.blob.vercel-storage.com/raw-1783986842664-Gucci_Flora_Gorgeous_Orchid.jpg,active
acqua-di-gio-eau-de-toilette-giorgio-armani-tester,Armani Acqua Di Gio Giorgio EDT,Testeur authentique de Acqua Di Gio Giorgio Armani par Giorgio Armani. Profitez de la même fragrance exceptionnelle à un prix imbattable.,Giorgio Armani,Aromatique,,"tester,nouveau",TRUE,Title,Default Title,REF-ARM-061,shopify,10,continue,manual,299,400,TRUE,TRUE,https://l3qgcdajft9wdkxz.public.blob.vercel-storage.com/1784027306532-963881405-acqua_di_gio_pour_homme.jpg,active
coco-mademoiselle-eau-privee-tester,Chanel Coco Mademoiselle Eau Privee,"Une version délicate et confidentielle, conçue comme un voile de douceur pour la nuit. Les notes vibrantes d'orange s'adoucissent dans un murmure de jasmin et de musc blanc.",Chanel,Oriental Floral (Doux),,"tester,nouveau",TRUE,Title,Default Title,REF-CHA-241,shopify,,continue,manual,299,499,TRUE,TRUE,https://l3qgcdajft9wdkxz.public.blob.vercel-storage.com/raw-1783986814180-Coco_Mademoiselle_Eau_Privee.jpg,active
versace-bright-crystal-tester,Versace Bright Crystal Parfum,"Une version intensifiée du classique, où le yuzu givré et la grenade éclatante subliment un bouquet riche de pivoine et de magnolia, sur un fond de muscs vibrants.",Versace,Floral Fruité,,"tester,nouveau",TRUE,Title,Default Title,REF-VER-340,shopify,10,continue,manual,299,449,TRUE,TRUE,https://l3qgcdajft9wdkxz.public.blob.vercel-storage.com/raw-1783986836864-Versace_Bright_Crystal.jpg,active
narciso-rodriguez-poudree-eau-de-parfum-tester,Narciso Rodriguez Narciso Poudrée EDP,Une caresse olfactive où le jasmin blanc et la rose bulgare fondent dans un musc intensément poudré et un fond de vétiver chaleureux. Un concentré de tendresse.,Narciso Rodriguez,Boisé Floral Musqué,,"tester,nouveau",TRUE,Title,Default Title,REF-NAR-311,shopify,10,continue,manual,349,499,TRUE,TRUE,https://l3qgcdajft9wdkxz.public.blob.vercel-storage.com/raw-1783986845018-Narciso_Rodriguez_Poudree.jpg,active
si-fiori-tester,Armani Si Fiori EDP,"Une réinterprétation poudrée du classique, où le nectar de cassis se fond dans un cœur de néroli éclatant et de musc blanc. Une déclaration de grâce et d'assurance.",Giorgio Armani,Chypré Floral,,"tester,nouveau",TRUE,Title,Default Title,REF-ARM-179,shopify,10,continue,manual,299,400,TRUE,TRUE,https://l3qgcdajft9wdkxz.public.blob.vercel-storage.com/raw-1783986845937-Si_Fiori.jpg,active
si-fiori-tester,,,,,,,,,,,,,,,,,,,https://l3qgcdajft9wdkxz.public.blob.vercel-storage.com/raw-1783986846228-Si.jpg,
lost-cherry-tester,Lost Cherry EDP,"Une cerise noire voluptueuse plongée dans un sirop de griotte et de liqueur d'amande amère, enrichie par le baume du Pérou et la fève tonka. Une addiction opulente.",Tom Ford,Ambré Floral Gourmand,,"tester,nouveau",TRUE,Title,Default Title,REF-TOM-300,shopify,10,continue,manual,299,499,TRUE,TRUE,https://l3qgcdajft9wdkxz.public.blob.vercel-storage.com/raw-1783986845440-Lost_Cherry.jpg,active
armani-power-of-you,Armani Power Of You,"Power of You par Emporio Armani est un manifeste olfactif dédié à la femme contemporaine, libre et consciente de son pouvoir d'attraction. Capturé dans un flacon aux courbes épurées révélant un élixir d'un rose ardent, ce parfum incarne l'alliance parfaite entre la douceur passionnée et une force de caractère inébranlable.

L'histoire s'ouvre sur une explosion fruitée et audacieuse, menée par des notes de cerise noire et de framboise vibrante qui saisissent instantanément les sens. En son cœur, la fragrance dévoile une féminité haut de gamme et sophistiquée où la majesté de la rose s'entrelace à la luminosité du jasmin. Enfin, le sillage évolue vers une profondeur hautement addictive, portée par un patchouli moderne et une vanille charnelle.",Giorgio Armani,Floral,,,TRUE,Title,Default Title,REF-ARM-356,shopify,10,continue,manual,329,499,TRUE,TRUE,https://l3qgcdajft9wdkxz.public.blob.vercel-storage.com/1784388354481-23421655-power_of_you.jpg,active
miss-dior-le-parfum-tester,Miss Dior EDP,Testeur authentique de Miss Dior par Dior. Profitez de la même fragrance exceptionnelle à un prix imbattable.,Dior,Signature,,"tester,nouveau",TRUE,Title,Default Title,REF-DIO-303,shopify,10,continue,manual,299,499,TRUE,TRUE,https://l3qgcdajft9wdkxz.public.blob.vercel-storage.com/1784029143395-968041234-Miss_Dior_edp.jpg,active
delina-edp-tester,Parfums De Marly Delina EDP,Testeur authentique de Delina Edp par Jean Paul Gaultier. Profitez de la même fragrance exceptionnelle à un prix imbattable.,Parfums de Marly,Signature,,"tester,nouveau",TRUE,Title,Default Title,REF-PAR-246,shopify,10,continue,manual,299,499,TRUE,TRUE,https://l3qgcdajft9wdkxz.public.blob.vercel-storage.com/1784029314051-827995796-Delina_edp.jpg,active
DOLCE-GABBANA-LIGHT-BLUE-POUR-HOMME-EDT,Dolce & Gabbana Light Blue pour Homme EDT,"Light Blue Pour Homme capture la fraîcheur pure, le magnétisme et la joie de vivre de la mer Méditerranée. Véritable ode aux paysages ensoleillés et sauvages de Capri, cette eau de toilette iconique incarne le charme naturel et la sensualité d'un homme moderne, athlétique et sûr de lui.

L'histoire olfactive s'ouvre sur un cocktail d'agrumes givrés ultra-dynamiques, où le pamplemousse et la mandarine de Sicile fusionnent pour apporter une fraîcheur fusante et instantanée. En son cœur, la fragrance gagne en relief et en tempérament grâce à la tension du poivre du Sichuan et à l'élégance aromatique du romarin. Enfin, le sillage évolue vers une profondeur masculine plus sensuelle et enveloppante, ancrée dans un fond de bois précieux, de muscs et d'encens.",Dolce & Gabbana,Aromatique,,,TRUE,Title,Default Title,REF-DOL-358,shopify,10,continue,manual,299,499,TRUE,TRUE,https://l3qgcdajft9wdkxz.public.blob.vercel-storage.com/1784388963438-844278620-DOLCE_GABBANA_-_LIGHT_BLUE_POUR_HOMME_EDT.jpg,active
delina-royal-essence-parfums-de-marly-tester,Parfums De Marly Delina Royal Essence ,"L'expression pure de la noblesse olfactive de Marly, sublimant la rose, le muguet et la pivoine dans un sillage poudré de musc et de bois. L'incarnation du raffinement.",Parfums de Marly,Floral Boisé,,"tester,nouveau",TRUE,Title,Default Title,REF-PAR-249,shopify,10,continue,manual,299,499,TRUE,TRUE,https://l3qgcdajft9wdkxz.public.blob.vercel-storage.com/raw-1783986826469-Delina_Royal_Essence_Parfums_De_Marly.jpg,active
narciso-rodriguez-for-her-eau-de-parfum-tester,Narciso Rodriguez For Her EDP,Testeur authentique de Narciso Rodriguez For Her par Jean Paul Gaultier. Profitez de la même fragrance exceptionnelle à un prix imbattable.,Narciso Rodriguez,Signature,,"tester,nouveau",TRUE,Title,Default Title,REF-NAR-308,shopify,7,continue,manual,299,499,TRUE,TRUE,https://l3qgcdajft9wdkxz.public.blob.vercel-storage.com/1784029228394-822044100-Narciso_Rodriguez_For_Her_EDP.jpg,active
Lattafa-Fakhar,Lattafa Fakhar,"Lattafa Fakhar Black est une fragrance masculine élégante et contemporaine qui associe fraîcheur aromatique, notes fruitées et profondeur boisée. Son caractère raffiné et polyvalent en fait un parfum idéal pour l’homme qui recherche une signature olfactive propre, sophistiquée et assurée.

Dès les premières vaporisations, Fakhar Black dévoile une ouverture fraîche et dynamique où la pomme apporte une facette fruitée et légèrement croquante. La bergamote ajoute une fraîcheur agrumée lumineuse, tandis que le gingembre apporte une touche épicée et énergisante. Cette ouverture donne immédiatement au parfum une impression moderne, propre et vivifiante.

Au cœur, la composition devient plus aromatique et sophistiquée. La lavande apporte une élégance propre et légèrement florale, accompagnée par la sauge et les baies de genièvre, qui renforcent son caractère frais et aromatique. Le géranium ajoute une dimension florale masculine et contribue à créer un cœur équilibré et élégant.

Après plusieurs heures, Fakhar Black révèle un fond plus chaleureux et boisé. La fève tonka apporte une douceur légèrement vanillée et amandée, tandis que l’ambre enveloppe la peau d’une chaleur subtile. Le cèdre renforce la structure boisée du parfum et le vétiver apporte une facette terreuse, sèche et raffinée.

L’ensemble crée une fragrance élégante, masculine et polyvalente, capable de s’adapter aussi bien à une journée professionnelle qu’à une sortie ou une occasion spéciale. Son équilibre entre fraîcheur, aromatiques et bois lui permet de rester agréable tout en développant progressivement une présence plus chaleureuse sur la peau.

Lattafa Fakhar Black est ainsi une signature olfactive destinée à l’homme qui privilégie la confiance, la sobriété et l’élégance moderne. Une fragrance facile à porter, raffinée et suffisamment distinctive pour accompagner le quotidien comme les moments importants.

Fakhar Black — L’élégance qui s’impose naturellement.",Lattafa,Aromatique Fougère,,,FALSE,Title,Default Title,REF-LAT-378,shopify,10,continue,manual,500,,TRUE,TRUE,https://l3qgcdajft9wdkxz.public.blob.vercel-storage.com/1787673091509-793709807-fakhar_lattafa.jpg,draft
amouage-epic-1-tester,Amouage Epic,"Une rose de Taïf dramatique et somptueuse, enveloppée de thé noir corsé et d'un fond chaud d'ambre. Un parfum captivant d'une opulence rare.",Amouage,Chypré Oriental,,"tester,nouveau",TRUE,Title,Default Title,REF-AMO-063,shopify,,continue,manual,299,,TRUE,TRUE,https://l3qgcdajft9wdkxz.public.blob.vercel-storage.com/1784027153732-843574297-amouage_epic.jpg,active
dolce-gabbana-Q-queen-tester,DOLCE & GABBANA - Q  Eau de Parfum ,"La vivacité du citron de Sicile et la douceur de la cerise rencontrent un fond boisé affirmé de cèdre. Un parfum audacieux, royal et passionné.",Dolce & Gabbana,Aromatique Fruité,,"tester,nouveau",TRUE,Title,Default Title,REF-DOL-114,shopify,10,continue,manual,299,499,TRUE,TRUE,https://l3qgcdajft9wdkxz.public.blob.vercel-storage.com/1784030511933-969720518-DOLCE_GABBANA_-_Q_BY_D_G_EDP.jpg,active
prada-paradoxe-radical-essence-eau-de-parfum-tester,Prada Paradoxe Radical Essence,"Un bouquet avant-gardiste de fleurs blanches (néroli, jasmin) bousculé par l'innovation de l'Ambrofix et du musc blanc Serenolide. Lumineux et réconfortant.",Prada,Ambré Floral,,"tester,nouveau",TRUE,Title,Default Title,REF-PRA-321,shopify,10,continue,manual,299,499,TRUE,TRUE,https://l3qgcdajft9wdkxz.public.blob.vercel-storage.com/1784029492330-413997900-Prada_Paradoxe_Radical_Essence.jpg,active
paco-rabanne-one-million-royal-eau-de-parfum-tester,Paco Rabanne One Million Royal,La fraîcheur éclatante de la lavande heurte la puissance du bois de cèdre et la sensualité enveloppante du benjoin. Une signature royale et provocante.,Paco Rabanne,Ambré Boisé,,"tester,nouveau",TRUE,Title,Default Title,REF-PAC-317,shopify,10,continue,manual,299,499,TRUE,TRUE,https://l3qgcdajft9wdkxz.public.blob.vercel-storage.com/1784029291009-106233450-Paco_Rabanne_One_Million_Royal.jpg,active
irresistible-nude-velvet-tester,Givenchy IRRESISTIBLE NUDE VELVET Eau De Parfum,"Le contraste magnétique entre une rose pulpeuse et lumineuse et un bois de cèdre blond réconfortant. Une fragrance anti-morosité, pétillante et libre.",Givenchy,Floral Fruité Boisé,,"tester,nouveau",TRUE,Title,Default Title,REF-GIV-283,shopify,10,continue,manual,299,499,TRUE,TRUE,https://l3qgcdajft9wdkxz.public.blob.vercel-storage.com/raw-1783986797249-Irresistible_Nude_Velvet.jpg,active
guerlain-mon-guerlain-eau-de-parfum-tester,Guerlain Mon Guerlain,"Une composition audacieuse mariant la lavande de Provence, la vanille Tahitensis majestueuse, le jasmin Sambac et le bois de santal. Lumineux et réconfortant.",Guerlain,Ambré Boisé,,"tester,nouveau",TRUE,Title,Default Title,REF-GUE-281,shopify,10,continue,manual,299,499,TRUE,TRUE,https://l3qgcdajft9wdkxz.public.blob.vercel-storage.com/raw-1783986839315-Guerlain_Mon_Guerlain.jpg,active
tom-ford-fabulous-tester,Tom Ford Fabulous EDP,"Un accord percutant d'amande amère et de fève tonka qui fusionne avec un cuir riche, de l'iris et de la sauge sclarée. Un parfum explicite, exclusif et décadent.",Tom Ford,Cuir,,"tester,nouveau",TRUE,Title,Default Title,REF-TOM-332,shopify,10,continue,manual,299,499,TRUE,TRUE,https://l3qgcdajft9wdkxz.public.blob.vercel-storage.com/1784029540953-773082225-Tom_Ford_Fabulous.jpg,active
kayali-burning-cherry-eau-de-parfum-tester,Kayali Lovefest Burning Cherry | 48,"Une cerise noire succulente, relevée de praline sucrée, qui s'enflamme au contact du bois de palo santo fumé et du gaïac. Irrésistiblement chaleureux.",Kayali,Ambré Boisé Gourmand,,"tester,nouveau",TRUE,Title,Default Title,REF-KAY-288,shopify,10,continue,manual,299,399,TRUE,TRUE,https://l3qgcdajft9wdkxz.public.blob.vercel-storage.com/raw-1783986800207-Kayali_Burning_Cherry.jpg,active
la-petite-robe-noire-tester,La Petite Robe Noire,"L'accord iconique de cerise noire et d'amande s'enveloppe de la rose de Grasse, du patchouli et de la fève tonka. Un classique à la fois glamour et espiègle.",Guerlain,Ambré Floral Fruité,,"tester,nouveau",TRUE,Title,Default Title,REF-GUE-297,shopify,10,continue,manual,299,499,TRUE,TRUE,https://l3qgcdajft9wdkxz.public.blob.vercel-storage.com/raw-1783986850363-La_Petite_Robe_Noire.jpg,active
tom-ford-rose-prick-eau-de-parfum-tester,Tom Ford Rose Prick EDP,"Un triptyque majestueux de roses (Mai, Turque, Bulgare) aiguisé par le poivre du Sichuan, le curcuma et un fond de patchouli. Sauvagement floral et envoûtant.",Tom Ford,Chypré Floral,,"tester,nouveau",TRUE,Title,Default Title,REF-TOM-334,shopify,10,continue,manual,299,499,TRUE,TRUE,https://l3qgcdajft9wdkxz.public.blob.vercel-storage.com/1784029574498-87499396-Tom_Ford_Rose_Prick.jpg,active
tiziana-terenzi-gumin-extrait-de-parfum-tester,Tiziana Terenzi Gumin Extrait De Parfum,Testeur authentique de Tiziana Terenzi Gumin Extrait De Parfum par Jean Paul Gaultier. Profitez de la même fragrance exceptionnelle à un prix imbattable.,Tiziana Terenzi,Signature,,"tester,nouveau",TRUE,Title,Default Title,REF-TIZ-330,shopify,10,continue,manual,299,499,TRUE,TRUE,https://l3qgcdajft9wdkxz.public.blob.vercel-storage.com/1784029515563-884067658-Tiziana_Terenzi_Gumin_Extrait_De_Parfum.jpg,active
montale-oud-tobacco-tester,Montale Oud Tobacco,Testeur authentique de Montale Oud Tobacco par Jean Paul Gaultier. Profitez de la même fragrance exceptionnelle à un prix imbattable.,Montale,Signature,,"tester,nouveau",TRUE,Title,Default Title,REF-MON-304,shopify,10,continue,manual,299,499,TRUE,TRUE,https://l3qgcdajft9wdkxz.public.blob.vercel-storage.com/raw-1783986849440-Montale_Oud_Tobacco.jpg,active
paco-rabanne-1-million-le-parfum-tester,Paco Rabanne 1 Million Parfum,"Une dualité audacieuse entre l'énergie salée de la tubéreuse et l'intensité d'un cuir brûlé par le soleil, le tout rafraîchi par du pin. Solaire, riche et opulent.",Paco Rabanne,Cuir Floral Solaire,,"tester,nouveau",TRUE,Title,Default Title,REF-PAC-314,shopify,10,continue,manual,299,499,TRUE,TRUE,https://l3qgcdajft9wdkxz.public.blob.vercel-storage.com/raw-1783986839794-Paco_Rabanne_1_Million.jpg,active
victoria-s-secret-bombshell-tester,VICTORIA'S SECRET BOMBSHELL EDP,"Un cocktail joyeux et iconique mêlant la vivacité du fruit de la passion violet à la pivoine Shangri-la et à l'orchidée vanille. Pétillant, frais et confiant.",Victoria's Secret,Floral Fruité,,"tester,nouveau",TRUE,Title,Default Title,REF-VIC-343,shopify,10,continue,manual,299,399,TRUE,TRUE,https://l3qgcdajft9wdkxz.public.blob.vercel-storage.com/1784029686483-558138717-Victoria_S_Secret_Bombshell.jpg,active
versace-eros-parfum-tester,Versace Eros Parfum,Testeur authentique de Versace Eros par Versace. Profitez de la même fragrance exceptionnelle à un prix imbattable.,Versace,Signature,,"tester,nouveau",TRUE,Title,Default Title,REF-VER-342,shopify,10,continue,manual,299,399,TRUE,TRUE,https://l3qgcdajft9wdkxz.public.blob.vercel-storage.com/1784029665763-280310369-Versace_Eros.jpg,active
Launo-Intense-Blue,Launo Intense Blue,"Inspiré par la fraîcheur revigorante et l'élégance solaire des côtes méditerranéennes (dans la lignée directe de Light Blue Pour Homme Eau Intense), Launo Intense Blue capture la sensation vivifiante d'une brise marine frappant des falaises baignées de soleil. Son flacon au verre dépoli bleu azur incarne la pureté, l'énergie aquatique et la virilité moderne.

L'ouverture éclate sur un duo d'agrumes percutant où le pamplemousse acidulé et la mandarine gorgée de soleil s'associent à la fraîcheur épicée du poivre rose. Le cœur plonge rapidement dans une vague intensément fraîche d'accords marins salins, rehaussée par la signature aromatique du genévrier et du romarin sauvage. En fond, la composition s'ancre sur une base boisée et musquée ultra-séduisante, où le bois d'ambre et les muscs blancs assurent un sillage propre, durable et irrésistiblement vivifiant.",Maison Alhambra,Aromatique Boisé,,,FALSE,Title,Default Title,REF-MAI-384,shopify,10,continue,manual,500,,TRUE,TRUE,https://l3qgcdajft9wdkxz.public.blob.vercel-storage.com/1787674572463-616320413-launo_intense_blue_edp.jpg,draft
xerjoff-naxos-tester,Xerjoff Naxos EDP,"L'élégance classique de la lavande et du citron heurte la chaleur gourmande du miel, de la cannelle et du tabac. Un parfum majestueux, doux et immensément luxueux.",Xerjoff,Ambré Épicé,,"tester,nouveau",TRUE,Title,Default Title,REF-XER-346,shopify,10,continue,manual,299,499,TRUE,TRUE,https://l3qgcdajft9wdkxz.public.blob.vercel-storage.com/1784029722903-684594644-Xerjoff_Naxos.jpg,active
xerjoff-erba-pura-tester,Xerjoff Erba Pura EDP,"Un panier de fruits siciliens ensoleillés (orange, citron) qui repose sur un cœur moelleux de vanille de Madagascar et de musc blanc. Un élixir joyeux au sillage infini.",Xerjoff,Ambré Fruité,,"tester,nouveau",TRUE,Title,Default Title,REF-XER-345,shopify,10,continue,manual,299,499,TRUE,TRUE,https://l3qgcdajft9wdkxz.public.blob.vercel-storage.com/1784029740753-985459063-Xerjoff_Erba_Pura.jpg,active
my-way-intense-tester,Armani My Way Intense EDP,"Un bouquet floral éclatant de fleurs d'oranger et de tubéreuse d'Inde, soutenu par du cèdre et de la vanille. L'essence d'une féminité libre et curieuse.",Giorgio Armani,Floral,,"tester,nouveau",TRUE,Title,Default Title,REF-ARM-160,shopify,10,continue,manual,299,400,TRUE,TRUE,https://l3qgcdajft9wdkxz.public.blob.vercel-storage.com/raw-1783986821641-My_Way_Intense.jpg,active
Riiffs-Freeze,Riiffs Freeze,"Riiffs Freeze est une fragrance unisexe conçue autour d'une idée simple mais saisissante : reproduire la sensation d'une fraîcheur glaciale sur la peau. Lancé en 2025, ce parfum se distingue par une combinaison particulièrement fraîche de menthe, d'agrumes, d'accord glacé et de notes aromatiques.

Dès la première vaporisation, Freeze crée une véritable explosion de fraîcheur. La menthe verte apporte une sensation froide, vivifiante et énergisante, rapidement accompagnée par le zeste de citron, la bergamote de Calabre et le pamplemousse. Ces agrumes donnent à l'ouverture une facette pétillante, légèrement acidulée et extrêmement lumineuse. L'accord neige accentue encore cette impression de froid et donne à la fragrance son identité particulière.

Après cette ouverture glaciale, le parfum évolue vers un cœur plus aromatique. L'accord glacé prolonge la sensation de fraîcheur tandis que le thé apporte une dimension propre, élégante et légèrement végétale. Le gingembre introduit une subtile facette épicée et dynamique, tandis que la sauge apporte une touche aromatique qui équilibre parfaitement les agrumes et la menthe.

Au fil du temps, Freeze devient plus doux et plus structuré. Le Ambermax™ apporte une profondeur ambrée et moderne, tandis que la pivoine ajoute une nuance florale légère et aérienne. Enfin, le cèdre apporte une base boisée propre et élégante qui permet à la fraîcheur initiale de laisser progressivement place à un sillage plus doux et sophistiqué.",Riiffs,Frais,,,FALSE,Title,Default Title,REF-RII-379,shopify,10,continue,manual,500,,TRUE,TRUE,https://l3qgcdajft9wdkxz.public.blob.vercel-storage.com/1787673544419-680254647-freeze_riffs.jpg,draft
One-&-Only,One & Only,"Créé par la célèbre maison de haute parfumerie koweïtienne Gissah, One & Only a été pensé comme un hymne à la singularité et à la présence magnétique. Incarné dans un flacon rose fuchsia intense orné de motifs d'arabesques orientales traditionnelles, il capture la fusion parfaite entre la gourmandise fruitée moderne et le raffinement opulent de l'Orient.

Dès les premières vaporisations, le parfum s'ouvre sur une explosion solaire et pétillante d'agrumes et de fruits sucrés, évoquant un verger gorgé de lumière. Très vite, cette envolée laisse place à un cœur floral somptueux où le jasmin délicat et la rose orientale se mêlent à des accents subtilement liquoreux et sucrés. En séchant sur la peau, One & Only révèle toute sa profondeur grâce à un sillage enveloppant de vanille gourmande, de muscs blancs aériens et d'un ambre raffiné qui garantit une tenue remarquable et une projection inoubliable.",Gissah,Ambré Boisé,,,FALSE,Title,Default Title,REF-GIS-380,shopify,10,continue,manual,501,,TRUE,TRUE,https://l3qgcdajft9wdkxz.public.blob.vercel-storage.com/1787673870708-749939165-gissah_one_and_only.jpg,draft
so-scandal-tester,JEAN PAUL GAULTIER SO SCANDAL EDP,"Une explosion de fleurs blanches (fleur d'oranger, jasmin, tubéreuse) enrobée par la douceur lactée d'un sirop de framboise. Joyeux, explosif et extravagant.",Jean Paul Gaultier,Floral Fruité,,"tester,nouveau",TRUE,Title,Default Title,REF-JEA-329,shopify,10,continue,manual,299,449,TRUE,TRUE,https://l3qgcdajft9wdkxz.public.blob.vercel-storage.com/raw-1783986837754-So_Scandal.jpg,active
bitter-peach-tester,Tom Ford Bitter Peach,"Une pêche de vigne gorgée de nectar, infusée dans de l'orange sanguine et du rhum, sur un fond riche de patchouli. Voluptueux, provocant et opulent.",Tom Ford,Ambré Vanillé,,"tester,nouveau",TRUE,Title,Default Title,REF-TOM-223,shopify,10,continue,manual,299,499,TRUE,TRUE,https://l3qgcdajft9wdkxz.public.blob.vercel-storage.com/raw-1783986848419-bitter_peach.jpg,active
givenchy-irresistible-eau-de-parfum-tester,Givenchy Irresistible EDP,"Le contraste magnétique entre une rose pulpeuse et lumineuse et un bois de cèdre blond réconfortant. Une fragrance anti-morosité, pétillante et libre.",Givenchy,Floral Fruité Boisé,,"tester,nouveau",TRUE,Title,Default Title,REF-GIV-265,shopify,10,continue,manual,299,449,TRUE,TRUE,https://l3qgcdajft9wdkxz.public.blob.vercel-storage.com/raw-1783986835469-Givenchy_Irresistible.jpg,active
amouage-interlude-tester,Amouage Interlude Woman,Testeur authentique de Amouage Interlude par Amouage. Profitez de la même fragrance exceptionnelle à un prix imbattable.,Amouage,Boisé,,"tester,nouveau",TRUE,Title,Default Title,REF-AMO-067,shopify,,continue,manual,299,,TRUE,TRUE,https://l3qgcdajft9wdkxz.public.blob.vercel-storage.com/raw-1783986812931-amouage_interlude.jpg,active
si-eau-de-parfum-tester,ARMANI SI Eau de Parfum,"L'alliance parfaite entre le nectar de cassis voluptueux, le chypre moderne et le bois blond musqué. Une signature élégante, lumineuse et puissamment féminine.",Giorgio Armani,Chypré Fruité,,"tester,nouveau",TRUE,Title,Default Title,REF-ARM-178,shopify,10,continue,manual,299,400,TRUE,TRUE,https://l3qgcdajft9wdkxz.public.blob.vercel-storage.com/raw-1783986794358-Si.jpg,active
scandal-le-parfum-tester,JEAN PAUL GAULTIER - SCANDAL LE PARFUM Eau de parfum intense,Testeur authentique de Scandal par Jean Paul Gaultier. Profitez de la même fragrance exceptionnelle à un prix imbattable.,Jean Paul Gaultier,Signature,,"tester,nouveau",TRUE,Title,Default Title,REF-JEA-323,shopify,10,continue,manual,299,499,TRUE,TRUE,https://l3qgcdajft9wdkxz.public.blob.vercel-storage.com/1784028844637-250985819-Scandal.jpg,active
tresor-midnight-rose-tester,LANCÔME TRÉSOR MIDNIGHT ROSE EDP,Un sillage espiègle où la framboise acidulée et la rose charnelle jouent à cache-cache avec les baies roses et le cèdre. Une romance nocturne captivante.,Lancôme,Floral Boisé Musqué,,"tester,nouveau",TRUE,Title,Default Title,REF-LAN-337,shopify,10,continue,manual,299,1690,TRUE,TRUE,https://l3qgcdajft9wdkxz.public.blob.vercel-storage.com/1784029037491-754267508-Tresor_Midnight_Rose.jpg,active
dolce-gabbana-devotion-intense-eau-de-parfum-tester,Dolce Gabbana Devotion Intense,"Un départ lumineux de noisette qui plonge dans un cœur vibrant de fleur d'oranger, magnifié par une vanille chaude. Une signature gourmande et réconfortante.",Dolce & Gabbana,Ambré Vanillé,,"tester,nouveau",TRUE,Title,Default Title,REF-DOL-110,shopify,10,continue,manual,299,449,TRUE,TRUE,https://l3qgcdajft9wdkxz.public.blob.vercel-storage.com/1784030617124-665578510-Dolce_Gabbana_Devotion_intense.jpg,active
guerlain-aqua-allegoria-pamplelune-tester,Guerlain Aqua Allegoria Pamplelune,L'amertume vibrante du pamplemousse associée au cassis et soutenue par la sensualité du patchouli et de la vanille. Énergisant et fusant.,Guerlain,Hespéridé,,"tester,nouveau",TRUE,Title,Default Title,REF-GUE-279,shopify,,continue,manual,299,499,TRUE,TRUE,https://l3qgcdajft9wdkxz.public.blob.vercel-storage.com/1784028705287-615106479-Guerlain_Aqua_Allegoria_Pamplelune.jpg,active
givenchy-gentleman-reserve-privee-eau-de-parfum-tester,Givenchy Gentleman Reserve Privee,"L'iris poudré signature rencontre l'opulence d'un absolu de whisky écossais et la chaleur du bois de cèdre. Un sillage liquoreux, sophistiqué et infiniment élégant.",Givenchy,Ambré Boisé (Floral),,"tester,nouveau",TRUE,Title,Default Title,REF-GIV-264,shopify,10,continue,manual,299,499,TRUE,TRUE,https://l3qgcdajft9wdkxz.public.blob.vercel-storage.com/1784028185847-718063555-Givenchy_Gentleman_Reserve_Privee.jpg,active
dior-sauvage-le-parfum-tester,Dior Sauvage Parfum,"Une ouverture radicale de bergamote de Calabre qui heurte la puissance brute et boisée de l'ambroxan. Une fraîcheur sauvage, virile et affirmée.",Dior,Aromatique Fougère,,"tester,nouveau",TRUE,Title,Default Title,REF-DIO-254,shopify,10,continue,manual,299,499,TRUE,TRUE,https://l3qgcdajft9wdkxz.public.blob.vercel-storage.com/raw-1783986824936-Dior_Sauvage.jpg,active
acqua-di-gio-profumo-eau-de-parfum-tester,Armani Acqua Di Gio Profumo,La fraîcheur marine iconique se modernise et s'intensifie grâce à l'encens incandescent et au patchouli majestueux. Une réinterprétation puissante et mystérieuse.,Giorgio Armani,Aromatique Aquatique Boisé,,"tester,nouveau",TRUE,Title,Default Title,REF-ARM-062,shopify,10,continue,manual,299,400,TRUE,TRUE,https://l3qgcdajft9wdkxz.public.blob.vercel-storage.com/raw-1783986827998-acqua_di_gio_profumo_.jpg,active
Khamrah-Dukhan,Khamrah Dukhan,"Variante ténébreuse et captivante de la collection iconique Khamrah, Khamrah Dukhan de la maison Lattafa réinterprète l'ADN gourmand oriental avec une signature résolument fumée et mystique (le terme Dukhan signifiant ""fumée"" en arabe). Présenté dans son flacon cristallin taillé comme un verre de spiritueux haut de gamme, ce parfum rend hommage à l'art ancestral du bakhour et des élixirs orientaux.

L'ouverture séduit instantanément par un contraste vibrant : la chaleur vive de la cannelle et de la muscade se mêle à des nuances d'encens et d'épices nobles. Le cœur dévoile la signature gourmande et suave caractéristique de la gamme, orchestrée autour de dattes orientales riches et de praline fondante, rehaussées d'accents floraux discrets. Enfin, la fragrance s'enracine dans un sillage profond et opulent dominé par un oud fumé, des résines précieuses de benjoin et de myrrhe, adoucis par une vanille crémeuse et une fève tonka veloutée pour une tenue et une projection exceptionnelles.",Lattafa,Ambré Boisé,,,FALSE,Title,Default Title,REF-LAT-381,shopify,10,continue,manual,500,,TRUE,TRUE,https://l3qgcdajft9wdkxz.public.blob.vercel-storage.com/1787674079142-313459811-khamrah_dukhan.jpg,draft
yves-saint-laurent-mon-paris-eau-de-parfum-tester,Yves Saint Laurent Mon Paris,"Un accord vertigineux de datura hypnotique et de fruits rouges (fraise, framboise), posé sur un socle élégant de patchouli blanc et de muscs. Romantique et passionné.",Yves Saint Laurent,Chypré Fruité,,"tester,nouveau",TRUE,Title,Default Title,REF-YVE-349,shopify,10,continue,manual,299,499,TRUE,TRUE,https://l3qgcdajft9wdkxz.public.blob.vercel-storage.com/1784030045694-425610128-yves_mon_paris.jpg,active
miss-dior-blooming-bouquet-tester,Miss Dior Blooming Bouquet,Un chypre moderne et opulent où le jasmin étoilé rencontre la gourmandise de la fraise des bois et la profondeur boisée du patchouli. Somptueux et charnel.,Dior,Chypré Floral,,"tester,nouveau",TRUE,Title,Default Title,REF-DIO-301,shopify,10,continue,manual,299,499,TRUE,TRUE,https://l3qgcdajft9wdkxz.public.blob.vercel-storage.com/1784029093009-386002581-Miss_Dior_Blooming_Bouquet.jpg,active
YSL-libre-intense-tester,YSL Libre Intense,"Le contraste couture entre la virilité de la lavande française et la sensualité féminine de la fleur d'oranger marocaine, soutenu par la vanille. Incisif et élégant.",Yves Saint Laurent,Ambré Fougère,,"tester,nouveau",TRUE,Title,Default Title,REF-YVE-299,shopify,10,continue,manual,299,499,TRUE,TRUE,https://l3qgcdajft9wdkxz.public.blob.vercel-storage.com/1784029058352-526765774-Libre_Intense.jpg,active
yves-saint-laurent-libre-le-parfum-tester,Yves Saint Laurent Libre,Testeur authentique de Yves Saint Laurent Libre par Yves Saint Laurent. Profitez de la même fragrance exceptionnelle à un prix imbattable.,Yves Saint Laurent,Signature,,"tester,nouveau",TRUE,Title,Default Title,REF-YVE-348,shopify,10,continue,manual,299,499,TRUE,TRUE,https://l3qgcdajft9wdkxz.public.blob.vercel-storage.com/1784029952307-722521713-yves_libre_edp.jpg,active
hermes-terre-d-hermes-eau-de-toilette-tester,HERMÈS TERRE D'HERMÈS EDT,Testeur authentique de Hermes Terre D Hermes par Jean Paul Gaultier. Profitez de la même fragrance exceptionnelle à un prix imbattable.,Hermès,Signature,,"tester,nouveau",TRUE,Title,Default Title,REF-HER-282,shopify,10,continue,manual,299,499,TRUE,TRUE,https://l3qgcdajft9wdkxz.public.blob.vercel-storage.com/1784028781053-229939166-Hermes_Terre_D_Hermes.jpg,active
armani-prive-rose-milano-tester,Armani Prive Rose Milano,Une rose délicate et lumineuse modernisée par la vivacité du citron Primofiore et la profondeur terreuse du patchouli. L'essence du chic italien.,Giorgio Armani,Chypré Floral,,"tester,nouveau",TRUE,Title,Default Title,REF-ARM-057,shopify,,continue,manual,299,399,TRUE,TRUE,https://l3qgcdajft9wdkxz.public.blob.vercel-storage.com/raw-1783986808809-armani_prive_rose_milano.jpg,active
si-passione-intense-tester,Armani SÌ PASSIONE EDP,"Un parfum lumineux, fruité et audacieux, centré sur la rose et le cassis, conçu pour refléter la passion, la force et la féminité moderne.",Giorgio Armani,Signature,,"tester,nouveau",TRUE,Title,Default Title,REF-ARM-180,shopify,10,continue,manual,299,400,TRUE,TRUE,https://l3qgcdajft9wdkxz.public.blob.vercel-storage.com/1784027496610-530894690-ARMANI_-_S__PASSIONE.jpg,active
armani-stronger-with-you-sandalwood-tester,Armani Stronger With You Sandalwood,Une déclinaison sophistiquée où le bois de santal majestueux et crémeux vient sublimer la chaleur épicée du sillage originel. Un chic absolu.,Giorgio Armani,Boisé Aromatique,,"tester,nouveau",TRUE,Title,Default Title,REF-ARM-074,shopify,10,continue,manual,299,499,TRUE,TRUE,https://l3qgcdajft9wdkxz.public.blob.vercel-storage.com/1784027723017-768792912-armani_stronger_with_you_sandalwood.jpg,active
yves-saint-laurent-y-le-parfum-tester-YSL,Yves Saint Laurent YSL Y EDP,Testeur authentique de Yves Saint Laurent Y par Yves Saint Laurent. Profitez de la même fragrance exceptionnelle à un prix imbattable.,Yves Saint Laurent,Signature,,"tester,nouveau",TRUE,Title,Default Title,REF-YVE-351,shopify,10,continue,manual,299,500,TRUE,TRUE,https://l3qgcdajft9wdkxz.public.blob.vercel-storage.com/1784030393743-521710690-yves_Y.jpg,active
versace-dylan-blue-tester,Versace Dylan Blue EDT,"Des notes aquatiques incisives heurtent la bergamote de Calabre, reposant sur un cœur viril d'ambroxan, de papyrus et d'encens. Un parfum de caractère, frais et profond.",Versace,Aromatique Fougère,,"tester,nouveau",TRUE,Title,Default Title,REF-VER-341,shopify,,continue,manual,299,400,TRUE,TRUE,https://l3qgcdajft9wdkxz.public.blob.vercel-storage.com/1784029650705-794008531-Versace_Dylan_Blue.jpg,active
Now-Women,Now Women,"Créé par RAVE (une collection réputée de la maison Lattafa), Now Women est une invitation à savourer l'instant présent dans un cocon de gourmandise et de douceur pastel (dans l'univers olfactif apprécié de créations telles que Burberry Her Elixir et Yara). Présenté dans son flacon au design moderne habillé d'une cage géométrique rose poudré, il incarne la féminité pétillante, joyeuse et résolument réconfortante.

Dès les premières pulvérisations, la fragrance captive par un cocktail éclatant de fraises juteuses et de fruits rouges acidulés enrobés d'un souffle hespéridé lumineux. Rapidement, le cœur prend des allures de confiserie raffinée où la douceur aérée de la guimauve s'entrelace à un bouquet élégant de jasmin et de fleurs blanches. En séchant délicatement sur la peau, Now Women révèle une base onctueuse de vanille gourmande et de muscs poudrés duveteux, laissant un sillage sucré, lacté et addictif d'une tenue remarquable tout au long de la journée.",Rave,Floral Fruité,,,FALSE,Title,Default Title,REF-RAV-387,shopify,10,continue,manual,496,,TRUE,TRUE,https://l3qgcdajft9wdkxz.public.blob.vercel-storage.com/1787675102936-588079922-now_women.jpg,draft
palatine-tester,PARFUMS DE MARLY Palatine,Une partition délicate et moderne où les notes poudrées de la violette et de l'iris rencontrent la douceur lactée du bois de santal et des muscs. Infiniment chic.,Parfums de Marly,Floral Poudré,,"tester,nouveau",TRUE,Title,Default Title,REF-PAR-318,shopify,10,continue,manual,299,1690,TRUE,TRUE,https://l3qgcdajft9wdkxz.public.blob.vercel-storage.com/1784029384485-296023771-Palatine.jpg,active
Pacific-Aura-Pour-Homme,Pacific Aura (Pour Homme),"Déclinaison plus mystérieuse et enveloppante de la gamme aquatique de la maison Rayhaan, Pacific Aura incarne le contraste saisissant entre la fraîcheur vive des vagues et la sérénité des abysses océaniques. Présenté dans un flacon sculptural en dégradé de bleu profond et de vert émeraude, orné de motifs calligraphiques en relief et surmonté d'un bouchon doré raffiné, il symbolise le charisme tranquille et l'énergie fluide d'un homme en harmonie avec les éléments.

Dès l'envolée, la fragrance saisit par une fraîcheur éclatante et glacée où les agrumes gorgés de soleil se mêlent à des embruns marins vivifiants et des touches végétales croquantes. Le cœur gagne en caractère grâce à une alliance aromatique moderne de menthe, de lavande et de nuances vertes de feuille de figuier, conférant une aura raffinée et moderne. L'évolution finale se pose sur une base boisée et ambrée minérale menée par l'ambroxan, le cèdre et le vétiver, offrant un sillage propre, persistant et magnétiquement séduisant qui résiste avec panache à la chaleur.",Rayhaan,Aromatique Aquatique Boisé,,,FALSE,Title,Default Title,REF-RAY-388,shopify,10,continue,manual,500,,TRUE,TRUE,https://l3qgcdajft9wdkxz.public.blob.vercel-storage.com/1787675405437-993393523-pacific_aura.jpg,draft
yves-saint-laurent-myslf-absolu-tester,Yves Saint Laurent Myslf Absolu,"La fraîcheur vibrante de la bergamote de Calabre plonge dans un cœur de fleur d'oranger brute de Tunisie, reposant sur des bois texturés. Subtil, contrasté et moderne.",Yves Saint Laurent,Boisé Floral,,"tester,nouveau",TRUE,Title,Default Title,REF-YVE-350,shopify,10,continue,manual,299,500,TRUE,TRUE,https://l3qgcdajft9wdkxz.public.blob.vercel-storage.com/1784030143488-97698873-Yves_Saint_Laurent_Myslf_Absolu.jpg,active
parfums-de-marly-valaya-exclusif-eau-de-parfum-tester,Parfums De Marly Valaya Exclusif EDP,"Une aura lumineuse et transparente mêlant la fleur d'oranger, le musc blanc cotonneux et le bois d'Akigala. Une seconde peau éclatante et réconfortante.",Parfums de Marly,Floral Boisé Musqué,,"tester,nouveau",TRUE,Title,Default Title,REF-PAR-320,shopify,,continue,manual,299,499,TRUE,TRUE,https://l3qgcdajft9wdkxz.public.blob.vercel-storage.com/1784029419920-969438238-Parfums_De_Marly_Valaya_Exclusif.jpg,active
kayali-pistachio-tester,Pistachio Gelato | 33 ,Testeur authentique de Kayali Pistachio par Jean Paul Gaultier. Profitez de la même fragrance exceptionnelle à un prix imbattable.,Kayali,Signature,,"tester,nouveau",TRUE,Title,Default Title,REF-KAY-290,shopify,10,continue,manual,299,399,TRUE,TRUE,https://l3qgcdajft9wdkxz.public.blob.vercel-storage.com/1784029446019-996215829-Pistachio_Gelato.jpg,active
giorgio-armani-acqua-di-gio-le-parfum-tester,Armani Acqua Di Gio Parfum,La fraîcheur marine iconique se modernise et s'intensifie grâce à l'encens incandescent et au patchouli majestueux. Une réinterprétation puissante et mystérieuse.,Giorgio Armani,Aromatique,,"tester,nouveau",TRUE,Title,Default Title,REF-ARM-117,shopify,10,continue,manual,299,400,TRUE,TRUE,https://l3qgcdajft9wdkxz.public.blob.vercel-storage.com/1784027410927-451319461-Untitled-2.jpg,active
narciso-rodriguez-for-her-musc-noir-rose-tester,Narciso Rodriguez For Her Musc Noir Rose,"L'intensité du musc noir se heurte à un bouquet radieux de tubéreuse et à la gourmandise subtile de la prune, posé sur une vanille vibrante. Mystérieux et envoûtant.",Narciso Rodriguez,Ambré Floral,,"tester,nouveau",TRUE,Title,Default Title,REF-NAR-310,shopify,10,continue,manual,299,499,TRUE,TRUE,https://l3qgcdajft9wdkxz.public.blob.vercel-storage.com/1784029251339-614022682-Narciso_Rodriguez_For_Her_Musc_Noir_Rose.jpg,active
guerlain-aqua-allegoria-pera-granita-tester,Guerlain Aqua Allegoria Pera Granita,"Une poire juteuse et désaltérante twistée par l'acidité du pamplemousse et du citron, sur un fond de muscs blancs. Une gourmandise rafraîchissante.",Guerlain,Floral Fruité,,"tester,nouveau",TRUE,Title,Default Title,REF-GUE-280,shopify,,continue,manual,299,499,TRUE,TRUE,https://l3qgcdajft9wdkxz.public.blob.vercel-storage.com/1784028731466-451656239-Guerlain_Aqua_Allegoria_Pera_Granita.jpg,active
prada-paradox-tester,Prada Paradox EDP,Testeur authentique de Prada Paradox par Jean Paul Gaultier. Profitez de la même fragrance exceptionnelle à un prix imbattable.,Prada,Signature,,"tester,nouveau",TRUE,Title,Default Title,REF-PRA-322,shopify,9,continue,manual,299,499,TRUE,TRUE,https://l3qgcdajft9wdkxz.public.blob.vercel-storage.com/1784029474996-643298447-Prada_Paradoxe.jpg,active
valentino-donna-born-in-roma-intense-tester,Valentino Donna Born In Roma Intense EDP Intense,"La rencontre solaire d'une vanille bourbon onctueuse et d'un jasmin grandiflorum opulent, réchauffée par la résine de benjoin. Magnétique et haute couture.",Valentino,Ambré Floral,,"tester,nouveau",TRUE,Title,Default Title,REF-VAL-338,shopify,10,continue,manual,299,499,TRUE,TRUE,https://l3qgcdajft9wdkxz.public.blob.vercel-storage.com/1784029627407-430131779-Valentino_Donna_Born_In_Roma_Intense.jpg,active
xerjoff-accento-overdose-eau-de-parfum-tester,Xerjoff Accento Overdose,"Une cascade de notes fruitées intenses amplifiées par des notes vertes rafraîchissantes, du pin et de l'eucalyptus, reposant sur un bouquet de fleurs blanches. Opulent.",Xerjoff,Floral Fruité (Aldéhydé),,"tester,nouveau",TRUE,Title,Default Title,REF-XER-344,shopify,10,continue,manual,299,499,TRUE,TRUE,https://l3qgcdajft9wdkxz.public.blob.vercel-storage.com/1784029706281-485039047-Xerjoff_Accento_Overdose.jpg,active
yves-saint-laurent-ysl-myslf-eau-de-parfum-tester,Yves Saint Laurent Ysl Myslf EDP,"Le contraste saisissant entre la clarté éclatante de la pomme verte et de la sauge, et la force sombre du bois de cèdre et du vétiver. Le parfum des hommes qui osent.",Yves Saint Laurent,Aromatique Fougère,,"tester,nouveau",TRUE,Title,Default Title,REF-YVE-352,shopify,10,continue,manual,299,550,TRUE,TRUE,https://l3qgcdajft9wdkxz.public.blob.vercel-storage.com/1784030486993-149356421-yves_myself.jpg,active
tom-ford-ombre-leather-eau-de-parfum-tester,TOM FORD OMBRÉ LEATHER EDP,"Un cuir noir, texturé et enveloppant, illuminé par la cardamome épicée et la sensualité du jasmin Sambac. Un sillage puissant, tactile et infiniment élégant.",Tom Ford,Cuir,,"tester,nouveau",TRUE,Title,Default Title,REF-TOM-333,shopify,10,continue,manual,299,490,TRUE,TRUE,https://l3qgcdajft9wdkxz.public.blob.vercel-storage.com/1784029557527-770177541-Tom_Ford_Ombre_Leather.jpg,active
tom-ford-tobacco-vanille-tester,Tom Ford Tobacco Vanille EDP,"L'association magistrale de la feuille de tabac blonde et de la vanille onctueuse, enrichie de fève tonka, de cacao et de sève de bois doux. Chaleureux et iconique.",Tom Ford,Ambré Épicé,,"tester,nouveau",TRUE,Title,Default Title,REF-TOM-335,shopify,10,continue,manual,299,499,TRUE,TRUE,https://l3qgcdajft9wdkxz.public.blob.vercel-storage.com/1784029593729-541043609-Tom_Ford_Tobacco_Vanille.jpg,active
Khamrah,Khamrah,"Véritable chef-d'œuvre de la maison émiratie Lattafa, Khamrah est l'un des parfums orientaux les plus emblématiques et célébrés au monde. Présenté dans un flacon sculptural en verre ciselé rappelant les carafes de spiritueux de prestige, il évoque immédiatement la chaleur, la convivialité et l'opulence des salons orientaux.

Dès la première pulvérisation, le parfum s'ouvre sur un souffle d'épices chaudes et réconfortantes, où la cannelle et la noix de muscade se marient à la fraîcheur subtile de la bergamote. Le cœur se déploie dans une gourmandise irrésistible avec un accord sucré de dattes confites et de praliné onctueux, adouci par une touche florale délicate. L'évolution finale repose sur un fond riche et enveloppant dominé par la vanille crémeuse, la fève tonka et des résines précieuses de myrrhe et de benjoin, laissant un sillage puissant, sensuel et d'une longévité exceptionnelle sur la peau.",Lattafa,Ambré Épicé,,,FALSE,Title,Default Title,REF-LAT-382,shopify,10,continue,manual,500,,TRUE,TRUE,https://l3qgcdajft9wdkxz.public.blob.vercel-storage.com/1787674196151-110331107-khamrah_lattafa.jpg,draft
carolina-herrera-good-girl-gold-tester,Carolina Herrera Good Girl Gold,Testeur authentique de Carolina Herrera Good Girl Gold par Jean Paul Gaultier. Profitez de la même fragrance exceptionnelle à un prix imbattable.,Carolina Herrera,Signature,,"tester,nouveau",TRUE,Title,Default Title,REF-CAR-233,shopify,10,continue,manual,299,449,TRUE,TRUE,https://l3qgcdajft9wdkxz.public.blob.vercel-storage.com/1784027903964-316800943-Carolina_Herrera_Good_Girl_Gold.jpg,active
guerlain-aqua-allegoria-mandarine-basilic-tester,Guerlain Aqua Allegoria Mandarine Basilic,"La pulpe juteuse de la mandarine heurte l'énergie aromatique du basilic, adoucie par le thé vert. Un sillage joyeux, pétillant et lumineux.",Guerlain,Hespéridé Aromatique,,"tester,nouveau",TRUE,Title,Default Title,REF-GUE-277,shopify,,continue,manual,299,499,TRUE,TRUE,https://l3qgcdajft9wdkxz.public.blob.vercel-storage.com/1784028654932-536708393-Guerlain_Aqua_Allegoria_Mandarine_Basilic.jpg,active
boss-bottled-unlimited-eau-de-toilette-tester,Boss Bottled Unlimited,L'énergie givrée de la menthe se heurte à la douceur de l'ananas et à la masculinité du ciste labdanum. Une fragrance vivifiante pour ceux qui ne s'arrêtent jamais.,Hugo Boss,Aromatique Fougère,,"tester,nouveau",TRUE,Title,Default Title,REF-BOS-229,shopify,10,continue,manual,299,499,TRUE,TRUE,https://l3qgcdajft9wdkxz.public.blob.vercel-storage.com/1784027801130-26126444-bottled_boss_unlimited.jpg,active
guerlain-aqua-allegoria-flora-cherrysia-tester,Guerlain Aqua Allegoria Flora Cherrysia,"L'accord fleur de cerisier rafraîchi par la bergamote et la poire nashi, posé sur un délicat nuage de musc blanc. Une poésie pastel et printanière.",Guerlain,Floral Fruité,,"tester,nouveau",TRUE,Title,Default Title,REF-GUE-275,shopify,,continue,manual,299,499,TRUE,TRUE,https://l3qgcdajft9wdkxz.public.blob.vercel-storage.com/1784028588867-945759569-Guerlain_Aqua_Allegoria_Flora_Cherrysia.jpg,active
baccarat-rouge-540-tester,Baccarat Rouge 540,Testeur authentique de Baccarat Rouge 540 par Jean Paul Gaultier. Profitez de la même fragrance exceptionnelle à un prix imbattable.,Maison Francis Kurkdjian,Signature,,"tester,nouveau",TRUE,Title,Default Title,REF-MFK-222,shopify,10,continue,manual,299,499,TRUE,TRUE,https://l3qgcdajft9wdkxz.public.blob.vercel-storage.com/1784027743660-838331011-baccarat_rouge.jpg,active
Jean-Paul-Gaultier-jpg-le-male-elixir-tester,Jean Paul Gaultier Le Male Elixir Parfum,Testeur authentique de Paco Rabanne Le Male Elixir par Paco Rabanne. Profitez de la même fragrance exceptionnelle à un prix imbattable.,Jean Paul Gaultier,Signature,,"tester,nouveau",TRUE,Title,Default Title,REF-PAC-315,shopify,9,continue,manual,299,549,TRUE,TRUE,https://l3qgcdajft9wdkxz.public.blob.vercel-storage.com/1783549872592-11281605-Paco_Rabanne_Le_Male_Elixir.jpg,active
dolce-gabbana-king-tester,Dolce Gabbana King,Testeur authentique de Dolce Gabbana King par Dolce & Gabbana. Profitez de la même fragrance exceptionnelle à un prix imbattable.,Dolce & Gabbana,Signature,,"tester,nouveau",TRUE,Title,Default Title,REF-DOL-111,shopify,10,continue,manual,299,499,TRUE,TRUE,https://l3qgcdajft9wdkxz.public.blob.vercel-storage.com/raw-1783986826980-Dolce_Gabbana_King.jpg,active
black-opium-overed-tester,Yves Black Opium Overed,Testeur authentique de Black Opium Overed par Yves Saint Laurent. Profitez de la même fragrance exceptionnelle à un prix imbattable.,Yves Saint Laurent,Signature,,"tester,nouveau",TRUE,Title,Default Title,REF-YVE-225,shopify,10,continue,manual,299,499,TRUE,TRUE,https://l3qgcdajft9wdkxz.public.blob.vercel-storage.com/1784029760581-565749665-black_opium_over_red.jpg,active
VERSACE-CRYSTAL-NOIR-Edp,VERSACE CRYSTAL NOIR Edp,"Crystal Noir de Versace est un parfum d'exception, conçu comme une robe de soirée haute couture, noire et mystique. Logé dans un flacon sculptural surmonté d'un immense cabochon taillé comme un diamant brut, cet élixir capture l'essence même de l'audace, du mystère et de l'ultra-féminité.

L'expérience s'ouvre sur un accord d'épices orientales chaudes et fusantes, où le gingembre et le poivre noir éveillent instantanément les sens avec un tempérament affirmé. En son cœur, la fragrance bascule dans une dimension charnelle, presque hypnotique : un gardénia majestueux et pur s'entrelace à la douceur veloutée et lactée de la noix de coco, créant une texture exotique d'un chic absolu. Enfin, le sillage s'étire dans une profondeur nocturne rare, ancré dans la richesse crémeuse du bois de santal et d'un ambre pur.

Sensuel, sophistiqué et profondément addictif, Crystal Noir est une signature olfactive d'une ténacité remarquable. C'est l'arme de séduction invisible d'une femme magnétique qui marque les esprits et laisse un souvenir impérissable à chacun de ses passages.",Versace,Floral,,,TRUE,Title,Default Title,REF-VER-359,shopify,10,continue,manual,299,349,TRUE,TRUE,https://l3qgcdajft9wdkxz.public.blob.vercel-storage.com/1784389233534-218711820-VERSACE_-_CRYSTAL_NOIR_Edp.jpg,active
TOM-FORD-OUD-WOOD-Edp,TOM FORD OUD WOOD EDP,"Oud Wood de Tom Ford est l'un des piliers les plus emblématiques et révolutionnaires de la prestigieuse collection Private Blend. Conçu comme une œuvre architecturale olfactive, ce parfum met en majesté l'un des ingrédients les plus rares, mystiques et précieux de la haute parfumerie : le bois de oud. Logé dans son flacon fumé et sculptural inspiré d'une pièce d'échecs, il incarne un luxe absolu, à la fois sombre, épuré et profondément sophistiqué.

L'histoire s'ouvre sur une envolée d'épices fines et de bois exotiques, où la cardamome et le bois de rose apportent une clarté saisissante et intrigante dès les premiers instants. En son cœur, la fragrance révèle toute sa dimension sacrée : le bois de oud distille ses effluves riches et subtilement fumés, magnifiés par l'onctuosité enveloppante du bois de santal et la noblesse brute du vétiver. Enfin, le sillage s'étire vers une sensualité chaleureuse et feutrée, portée par la rondeur de la fève tonka et un fond ambré d'une tenue remarquable.

À la fois sobre, intense et follement magnétique, Oud Wood transcende les genres pour offrir une expérience sensorielle unique. C'est la signature intemporelle des esprits affirmés qui recherchent un sillage de caractère, discret et infiniment mémorable.",Tom Ford,Boisé,,,TRUE,Title,Default Title,REF-TOM-360,shopify,10,continue,manual,299,599,TRUE,TRUE,https://l3qgcdajft9wdkxz.public.blob.vercel-storage.com/1784389531704-642089413-TOM_FORD_-_OUD_WOOD_Edp.jpg,active
Urban-Man-Paradise,Urban Man Paradise,"Inspiré par le contraste vibrant entre l'énergie du dynamisme urbain et la pureté revigorante d'un paradis tropical (dans la lignée des créations fraîches, aromatiques et hespéridées contemporaines), Urban Man Paradise célèbre l'audace, la spontanéité et la fraîcheur naturelle. Son flacon sculpté aux lignes dynamiques, révélant un jus d'un vert émeraude éclatant orné d'inscriptions dorées, évoque un souffle de chlorophylle et d'évasion au milieu de la métropole.

Dès les premières vaporisations, la fragrance procure une explosion d'énergie glacée et acidulée où la bergamote et le pamplemousse s'entrelacent à la vivacité de la menthe fraîche et au croquant de la pomme verte. Le cœur révèle un bouquet aromatique élégant et moderne, mêlant des embruns marins salins à la douceur herbacée de la lavande et de la sauge. En séchant sur la peau, Urban Man Paradise se fixe sur une base boisée et ambrée masculine dominée par le cèdre noble, le vétiver et un ambroxan moderne, laissant un sillage propre, tonique et d'une remarquable longévité sous la chaleur.",Fragrance World,Boisé Aromatique,,,FALSE,Title,Default Title,REF-FRA-394,shopify,10,continue,manual,500,,TRUE,TRUE,https://l3qgcdajft9wdkxz.public.blob.vercel-storage.com/1787676122246-598142264-urban_man_paradise.jpg,draft
armani-stronger-with-you-intensely-tester,Armani Stronger With You Intensely,"Une overdose gourmande de toffee et de cannelle, équilibrée par un fond boisé-ambré puissant. Une empreinte chaleureuse, sucrée et inoubliable.",Giorgio Armani,Ambré Fougère,,"tester,nouveau",TRUE,Title,Default Title,REF-ARM-072,shopify,10,continue,manual,299,549,TRUE,TRUE,https://l3qgcdajft9wdkxz.public.blob.vercel-storage.com/raw-1783986821133-armani_stronger_with_you_intens.jpg,active
boss-bottled-eau-de-toilette-tester,Boss Bottled,"L'équilibre parfait entre le croquant de la pomme, la chaleur de la cannelle et la solidité des bois précieux. Le classique absolu de l'homme moderne.",Hugo Boss,Boisé Épicé,,"tester,nouveau",TRUE,Title,Default Title,REF-BOS-227,shopify,10,continue,manual,299,499,TRUE,TRUE,https://l3qgcdajft9wdkxz.public.blob.vercel-storage.com/1784027762419-500547320-bottled_boss.jpg,active
cinema-tester,Yves Saint Laurent YSL Cinema EDP,Un sillage glamour où la douceur de la fleur d'amandier rencontre la majesté de l'amaryllis et la chaleur de la vanille bourbon. Une aura de star.,Yves Saint Laurent,Ambré Floral,,"tester,nouveau",TRUE,Title,Default Title,REF-YVE-240,shopify,10,continue,manual,299,499,TRUE,TRUE,https://l3qgcdajft9wdkxz.public.blob.vercel-storage.com/1784029784164-430825210-Cinema.jpg,active
l-imperatrice-3-tester,L’IMPÉRATRICE 3 EDT,"L'énergie de la pastèque juteuse et du kiwi exotique contrastée par la délicatesse du cyclamen rose. Un cocktail fruité, frais, vibrant et irrésistible.",Dolce & Gabbana,Floral Aquatique,,"tester,nouveau",TRUE,Title,Default Title,REF-DOL-148,shopify,10,continue,manual,299,499,TRUE,TRUE,https://l3qgcdajft9wdkxz.public.blob.vercel-storage.com/raw-1783986844531-L_Imperatrice_3.jpg,active
Khamrah-Qahwa,Khamrah Qahwa,"Inspiré par le rituel séculaire du café arabe (Qahwa), symbole d'hospitalité et de générosité au Moyen-Orient, Khamrah Qahwa de Lattafa vient enrichir la célèbre lignée Khamrah d'une dimension torréfiée et envoûtante. Présenté dans son flacon luxueux en verre taillé façon carafe de cristal, il capture l'ambiance chaleureuse d'un majlis oriental où flottent des arômes d'épices nobles et de café fraîchement infusé.

Dès l'ouverture, la fragrance surprend par une envolée vive et piquante où la cardamome fraîche et le gingembre rencontrent la cannelle réconfortante. Le cœur révèle toute la magie de cette création avec un accord riche de café torréfié marié à la douceur addictive du praliné et des fruits confits. Enfin, l'évolution repose sur une base orientale somptueuse et beurrée de vanille, de fève tonka et de résines chaudes, conférant au sillage une profondeur irrésistible et une tenue exceptionnelle.",Lattafa,Ambré Épicé,,,FALSE,Title,Default Title,REF-LAT-383,shopify,10,continue,manual,500,,TRUE,TRUE,https://l3qgcdajft9wdkxz.public.blob.vercel-storage.com/1787674303686-825818774-khamrah_qahwa.jpg,draft
oriana-tester,Parfums de Marly Oriana Royal Essence,"Un nuage sucré et aérien de crème chantilly et de guimauve, illuminé par la mandarine, la framboise et la fleur d'oranger. Une gourmandise joyeuse et sophistiquée.",Parfums de Marly,Floral Fruité Gourmand,,"tester,nouveau",TRUE,Title,Default Title,REF-PAR-313,shopify,10,continue,manual,299,1690,TRUE,TRUE,https://l3qgcdajft9wdkxz.public.blob.vercel-storage.com/raw-1783986843134-Oriana.jpg,active
Maahir-Legacy,Maahir Legacy,"Véritable hommage à la fraîcheur noble et dynamique (s'inscrivant dans la lignée prestigieuse de Sedley par Parfums de Marly), Maahir Legacy de Lattafa incarne l'élégance pure et la vitalité sans effort. Reconnaissable entre tous avec son flacon sculptural surmonté d'un majestueux bouchon en tête de cheval argenté chromé, il symbolise la liberté, la force et le raffinement contemporain.

Dès l'envolée, la fragrance procure un coup de fouet rafraîchissant grâce à une menthe verte ultra-cristalline combinée à un cocktail pétillant de citron vert, de pamplemousse et d'une touche fruitée d'ananas. Le cœur s'articule autour d'un bouquet aromatique propre et sophistiqué où les baies de genièvre et le romarin sont relevés par une pointe d'épices fines et de lavande aromatique. En séchant, Maahir Legacy s'installe sur une base boisée moderne et saline portée par l'ambroxan, le vétiver boisé et la mousse de chêne, laissant un sillage net, aquatique-aromatique et impeccablement soigné qui tient toute la journée.",Lattafa,Aromatique Boisé,,,FALSE,Title,Default Title,REF-LAT-385,shopify,10,continue,manual,500,,TRUE,TRUE,https://l3qgcdajft9wdkxz.public.blob.vercel-storage.com/1787674733403-452000927-maahir_legacy.jpg,draft
Night-Club,Night Club,"Inspiré des plus grands classiques modernes de la parfumerie de caractère (dans l'esprit emblématique de la signature Club de Nuit Intense Man et Aventus), Night Club de Fragrance World est conçu pour l'homme affirmé qui souhaite imposer son charisme dès son entrée. Son flacon laqué d'un noir opaque et orné d'une médaille suspendue reflète le mystère, le luxe brut et l'intensité du monde de la nuit.

La fragrance s'ouvre sur une détonation hespéridée et fruitée énergisante où le citron vif et la bergamote rencontrent la fraîcheur acidulée de la pomme, du cassis et de l'ananas. Très vite, le cœur dévoile la véritable identité du parfum : un accord racé de bois de bouleau aux nuances fumées et de patchouli, équilibré par la subtilité florale du jasmin et de la rose. Le sillage final s'installe dans une sensualité virile et persistante dominée par l'ambre gris, la mousse de chêne et des touches de musc blanc adoucies par une pointe de vanille, offrant une projection percutante et une tenue irréprochable.",Fragrance World,Boisé Épicé,,,FALSE,Title,Default Title,REF-FRA-386,shopify,10,continue,manual,500,,TRUE,TRUE,https://l3qgcdajft9wdkxz.public.blob.vercel-storage.com/1787674860251-583538578-night_club.jpg,draft
Sauvage-Eau-De-Parfum,Sauvage Eau De Parfum,"Créé par François Demachy, alors Parfumeur-Créateur exclusif de Dior, et lancé en 2018, Sauvage Eau de Parfum s'inspire du désert à l'heure crépusculaire magique — ce court instant où la fraîcheur du soir rencontre la chaleur encore brûlante de la terre.

Cette version enrichit la signature fraîche et incisive de l'iconique Eau de Toilette originelle d'une nouvelle sensualité mystérieuse. L'envolée reste vive et éclatante grâce à la bergamote de Calabre gorgée de soleil, mais elle se pare rapidement d'épices chaudes comme la badiane et la noix de muscade. Le fond boisé et minéral dominé par l'ambroxan s'enveloppe d'un absolu de vanille noble de Papouasie-Nouvelle-Guinée, récoltée verte puis échaudée selon une méthode artisanale pour déployer des facettes fumées, gourmandes et viriles.

Présenté dans son flacon aux dégradés de bleu crépusculaire et aux reflets ambrés à la base, Sauvage Eau de Parfum incarne un magnétisme brut, raffiné et indomptable.",Dior,Oriental,,,TRUE,Title,Default Title,REF-DIO-398,shopify,10,continue,manual,299,400,TRUE,TRUE,https://l3qgcdajft9wdkxz.public.blob.vercel-storage.com/1788175957144-833571978-sauvage_EDP.jpg,active
givenchy-l-interdit-rouge-eau-de-parfum-tester,GIVENCHY L'INTERDIT ROUGE ULTIME Eau de Parfum,Un cœur floral blanc incandescent sublimé par une coque de cacao chaude et la sensualité du patchouli. Une signature voluptueuse et charnelle.,Givenchy,Floral Ambré Boisé,,"tester,nouveau",TRUE,Title,Default Title,REF-GIV-266,shopify,10,continue,manual,299,449,TRUE,TRUE,https://l3qgcdajft9wdkxz.public.blob.vercel-storage.com/raw-1783986833444-Givenchy_L_Interdit_Rouge.jpg,active
YVES SAINT LAURENT - LIBRE L’EAU NUE EAU DE PARFUM,YVES SAINT LAURENT - LIBRE L’EAU NUE EAU DE PARFUM,"Avec Libre L’Eau Nue, Yves Saint Laurent réinvente son iconique signature florale-lavandée dans une interprétation d'une pureté intime, sensuelle et radieuse. Pensée comme une seconde peau infusée de lumière, cette déclinaison explore la tension entre la fraîcheur vive et la sensualité nue d'un corps caressé par le soleil.

Au cœur de la structure, la rencontre signature entre la lavande Diva de France — audacieuse et masculine — et la fleur d'oranger brûlante du Maroc s'adoucit d'une touche florale solaire et crémeuse. L'envolée d'agrumes hespéridés apporte un souffle d'air pur et vibrant, avant de s'alanguir sur un sillage vaporeux de muscs blancs enveloppants et d'infusion de vanille Bourbon ultra-raffinée.

Présenté dans un flacon sculptural au blanc laqué immaculé et minéral, orné du mythique Cassandre doré oversize courbé autour du verre, Libre L’Eau Nue incarne le luxe brut, l'audace assumée et la liberté absolue d'être soi-même, sans artifice.",Yves Saint Laurent,Floral,,,TRUE,Title,Default Title,REF-YVE-399,shopify,10,continue,manual,299,499,TRUE,TRUE,https://l3qgcdajft9wdkxz.public.blob.vercel-storage.com/1788176212142-238474767-YVES_SAINT_LAURENT_-_LIBRE_L_EAU_NUE_EAU_DE_PARFUM.jpg,active
Chanel-Blue-De-Chanel-Parfum,Chanel Blue De Chanel Parfum,"Créé par le parfumeur Olivier Polge et lancé en 2018, Bleu de Chanel Parfum représente l'apogée de l'intensité et du raffinement au sein de la célèbre trilogie de Chanel. Là où l'Eau de Toilette incarnait la fraîcheur vive et l'Eau de Parfum la sensualité texturée, la déclinaison Parfum explore une noblesse plus profonde, dense et sophistiquée.

L'essence de cette composition repose sur une dualité magistrale : une ouverture hespéridée éclatante et fusante qui cède la place à un cœur aromatique noble, avant de plonger dans la richesse veloutée du bois de santal précieux cultivé en Nouvelle-Calédonie. Ce bois d'exception, dense et crémeux, confère à la fragrance une présence magnétique sans jamais devenir tapageuse.

Bleu de Chanel Parfum s'adresse à l'homme qui refuse les sentiers battus et dicte son propre destin. Présenté dans son flacon monolithique bleu nuit aux reflets presque noirs, rehaussé de lettrages dorés distinctifs, il incarne l'élégance intemporelle, l'assurance sereine et l'autorité naturelle signées Chanel.",Chanel,Boisé,,,TRUE,Title,Default Title,REF-CHA-396,shopify,10,continue,manual,299,400,TRUE,TRUE,https://l3qgcdajft9wdkxz.public.blob.vercel-storage.com/1788174562590-553899103-blue_de_chanel_parfum.jpg,active
CK-IN2U-for-Her-Calvin-Klein-Eau-de-Toilette,CK IN2U for Her – Calvin Klein Eau de Toilette,"CK IN2U for Her de Calvin Klein est une fragrance féminine fraîche, spontanée et contemporaine, lancée en 2007. Imaginée par Bruno Jovanovic, Jean-Marc Chaillan, Loc Dong et Carlos Benaïm, elle associe des agrumes pétillants, des notes florales délicates et un fond chaud légèrement vanillé.

L’ouverture dévoile une explosion lumineuse de pamplemousse rose et de bergamote de Sicile. Leur fraîcheur acidulée est accompagnée par la feuille de groseille rouge, qui apporte une facette verte et fruitée donnant immédiatement à la fragrance son caractère énergique et moderne.

Au cœur, la composition devient plus douce et féminine. Le cactus apporte une sensation fraîche et végétale, tandis que l’orchidée enveloppe l’ensemble d’une touche florale élégante et légèrement crémeuse. Ce contraste conserve toute la légèreté du parfum tout en lui donnant davantage de personnalité.

Lorsque la fragrance évolue sur la peau, elle révèle une base plus chaleureuse. La vanille apporte une douceur sensuelle sans devenir trop lourde, accompagnée par le cèdre rouge, qui structure le parfum avec une facette boisée. L’ambre complète la composition en laissant un sillage doux et enveloppant.",Calvin Klein,Ambré Floral,,,TRUE,Title,Default Title,,shopify,2,continue,manual,599,699,TRUE,TRUE,https://l3qgcdajft9wdkxz.public.blob.vercel-storage.com/1788985086559-522327223-Ck_in2u_women.jpg,active
CK-IN2U-for-Him-Calvin-Klein-Eau-de-Toilette,CK IN2U for Him – Calvin Klein Eau de Toilette,"CK IN2U for Him de Calvin Klein est une fragrance masculine lancée en 2007, pensée autour d’un esprit jeune, libre et moderne. Sa composition associe fraîcheur citronnée, accents verts et profondeur boisée, créant un parfum facile à porter au quotidien tout en gardant une signature originale.

Dès l’ouverture, le citron apporte une fraîcheur vive et lumineuse. Il est accompagné par la feuille de tomate, qui ajoute une facette verte, légèrement végétale et très distinctive. Cette combinaison donne au parfum un départ énergique et immédiatement reconnaissable.

Le cœur se construit autour d’une note particulièrement originale : la fève de cacao. Elle apporte une nuance chaude, légèrement gourmande et subtilement amère, créant un contraste intéressant avec la fraîcheur verte des premières minutes.

En fond, le parfum évolue vers une sensation plus propre et masculine. Le cèdre donne une structure sèche et boisée, tandis que le vétiver renforce le côté aromatique et terreux. Le musc blanc adoucit l’ensemble et laisse un sillage propre, doux et facile à porter.",Calvin Klein,Aromatique Fougère,,,TRUE,Title,Default Title,,shopify,2,continue,manual,599,699,TRUE,TRUE,https://l3qgcdajft9wdkxz.public.blob.vercel-storage.com/1788984919616-515504593-ck_in2u.jpg,active
Versace-Eros-Eau-De-Parfum,Versace Eros Eau De Parfum,"Inspiré de la mythologie grecque et de l'univers passionné de la maison italienne, Eros Eau de Parfum incarne le dieu de l'amour et du désir dans une version encore plus riche, virile et affirmée que l'iconique Eau de Toilette originale.

La fragrance s'ouvre sur un éclat vif et rafraîchissant de menthe glacée et d'agrumes zestés d'Italie, rapidement adouci par la gourmandise croquante d'un accord pomme confite. En son cœur, l'ambroxan puissant et la sauge aromatique apportent un magnétisme moderne et vibrant. L'évolution révèle toute l'intensité de cette concentration : une overdose de vanille de Madagascar onctueuse mariée à des bois nobles et un accord cuiré sensuel qui confèrent au parfum un sillage chaud, captivant et longue durée.

Le flacon sculpté dans un verre turquoise profond, bordé de la célèbre frise grecque et orné de la tête de Méduse dorée en relief, symbolise toute la force, l'audace et l'opulence baroque emblématiques de Versace.",Versace,Aromatique,,,TRUE,Title,Default Title,REF-VER-402,shopify,10,continue,manual,299,,TRUE,TRUE,https://l3qgcdajft9wdkxz.public.blob.vercel-storage.com/1788177165847-191473484-Versace_eros_EDP.jpg,active
Versace-Blue-Jeans-Eau-de-Toilette,Versace Versus Blue Jeans – Eau de Toilette,"Versace Blue Jeans est une fragrance masculine emblématique des années 1990, créée pour exprimer une personnalité jeune, spontanée et décontractée. Lancé en 1994 et signé par le parfumeur Jean-Pierre Béthouart, il associe une fraîcheur aromatique énergique à un fond plus doux, boisé et chaleureux.

L’ouverture est immédiatement vive et rafraîchissante. Les agrumes et la bergamote apportent une sensation pétillante, tandis que le genévrier, le basilic et l’anis donnent à la composition une facette aromatique et légèrement épicée. Le bois de rose vient compléter cette entrée avec une nuance boisée subtile.

Au cœur, Blue Jeans devient plus complexe et floral. La lavande, signature classique de la parfumerie masculine, rencontre la rose, le jasmin, le géranium et l’héliotrope. La sauge et le sapin renforcent son caractère vert et aromatique, créant un équilibre entre fraîcheur, fleurs et épices.

La fragrance s’installe ensuite sur un fond plus chaud et enveloppant. La vanille et la fève tonka apportent une douceur légèrement sucrée, soutenue par le bois de santal, le cèdre et le vétiver. Le musc, l’ambre, l’iris et le patchouli ajoutent profondeur et caractère au sillage.

Blue Jeans est ainsi un parfum frais, aromatique et chaleureux à la fois, reconnaissable par son caractère rétro et décontracté. Une fragrance facile à porter au quotidien, idéale pour l’homme qui recherche un parfum expressif sans être excessivement formel.",Versace,Aromatique Fougère,,,TRUE,Title,Default Title,,shopify,2,continue,manual,399,499,TRUE,TRUE,https://l3qgcdajft9wdkxz.public.blob.vercel-storage.com/1788984301972-935409331-Versace_versus.jpg,active
Xerjoff-Accento,Xerjoff Accento,"Créé par les maîtres-parfumeurs Christian Carbonnel (Chris Maurice) et Laura Santander au sein de la prestigieuse maison de haute parfumerie italienne Xerjoff, Accento est le joyau lumineux de la célèbre collection « V » (Velvet Collection).

La composition s'ouvre sur un éclat joyeux et immédiatement captivant, mêlant la fraîcheur végétale de la jacinthe à la douceur acidulée et exotique d'un ananas gorgé de soleil. Ce départ vibrant s'estompe délicatement pour révéler un cœur poudré d'une noblesse absolue, où l'iris d'Italie dialogue avec la pureté du jasmin et le piquant raffiné du poivre rose. Enfin, le fond se déploie comme une étoffe précieuse grâce à une fusion sensuelle de muscs chauds, de vanille discrète, de vétiver terreux et d'ambre enveloppant.

Vêtu de son emblématique flacon habillé de velours pourpre royal au toucher soyeux, surmonté d'un cabochon doré sculptural ciselé du sceau Xerjoff, Accento incarne l'élégance à l'italienne : une symphonie olfactive à la fois opulente, fraîche et irrésistiblement sophistiquée.",Xerjoff,Floral,,,TRUE,Title,Default Title,REF-XER-401,shopify,10,continue,manual,299,499,TRUE,TRUE,https://l3qgcdajft9wdkxz.public.blob.vercel-storage.com/1788176891186-345546050-xerjoff_accento.jpg,active
GIVENCHY-L’INTERDIT-Eau-De-Parfum-Rouge,GIVENCHY L’INTERDIT Eau De Parfum Rouge,"Lancé en 2021 et composé par le trio de maîtres-parfumeurs Dominique Ropion, Anne Flipo et Fanny Bal, L'Interdit Eau de Parfum Rouge revisite le mythe originel créé pour Audrey Hepburn dans une interprétation résolument ardente, sulfureuse et addictive.

Cette création transcende la signature florale blanche emblématique de L'Interdit en la plongeant dans une tension incandescente. L'étincelle s'allume dès le départ avec le piquant du gingembre frais et la vivacité acidulée de l'orange sanguine. En son cœur, la tubéreuse opulente et le jasmin se laissent embraser par un accord brûlant de feuille de piment, avant de s'épanouir sur un fond boisé sombre et boisé de patchouli et de santal velouté.

Habillé d'un flacon laqué d'un rouge translucide profond et captivant — couleur iconique de la maison Givenchy —, L'Interdit Rouge est un hommage vibrant à l'audace, invitant à franchir toutes les limites et à embrasser la passion absolue.",Givenchy,Floral,,,TRUE,Title,Default Title,REF-GIV-397,shopify,9,continue,manual,299,449,TRUE,TRUE,https://l3qgcdajft9wdkxz.public.blob.vercel-storage.com/1788175597839-254324162-l_interdit_rouge_edp.jpg,active
afnan-9pm-rebel,Afnan 9 PM Rebel,"Afnan 9 PM Rebel est une fragrance qui incarne l’audace, la liberté et le refus de suivre les règles établies. Créé comme une nouvelle interprétation de l’emblématique collection 9, ce parfum s’adresse à celles et ceux qui souhaitent laisser une empreinte distinctive et affirmer leur personnalité avec assurance. Afnan le présente comme un symbole de défi et de confiance en soi.

Dès les premières vaporisations, 9 PM Rebel dévoile une ouverture lumineuse et énergique où la fraîcheur de la mandarine rencontre le caractère exotique et juteux de l’ananas, accompagné par la facette croquante de la pomme Granny Smith. Cette association fruitée apporte immédiatement une sensation moderne, fraîche et dynamique.

Au cœur de la composition, le parfum gagne en profondeur avec le bois de cèdre et la mousse de chêne, tandis que la vanille apporte une douceur subtile et enveloppante. Cette étape crée un équilibre entre fraîcheur fruitée, élégance boisée et sensualité.

Enfin, le fond révèle toute la personnalité de Rebel. Le caramel apporte une touche chaleureuse et gourmande, les bois secs renforcent son caractère, tandis que l’ambre gris et le musc prolongent la fragrance avec une signature plus profonde, chaleureuse et séduisante.

9 PM Rebel est ainsi une fragrance fruitée, boisée et ambrée, à la fois jeune, sophistiquée et audacieuse. Elle convient aussi bien à l’homme qu’à la femme qui souhaite porter un parfum reconnaissable, moderne et plein de caractère. Son équilibre entre fraîcheur fruitée, bois élégants et douceur ambrée en fait un choix particulièrement intéressant pour accompagner les journées actives comme les soirées où l’on souhaite attirer l’attention.",Lattafa,Ambré Boisé,,,FALSE,Title,Default Title,REF-LAT-375,shopify,10,continue,manual,500,,TRUE,TRUE,https://l3qgcdajft9wdkxz.public.blob.vercel-storage.com/1787659997620-145962200-9pm_rebel.jpg,draft
Ramz-Lattafa-Silver,Ramz Lattafa (Silver / Pour Homme),"Célèbre pour son profil ultra-séduisant et dynamique (s'inscrivant dans la lignée directe de Ultra Male de Jean Paul Gaultier), Ramz Lattafa (Silver) est une ode à la jeunesse vibrante, au charisme festif et à la séduction moderne. Son flacon noir mat, orné de mots gravés en relief et couronné d'un capuchon chromé étincelant, reflète une allure urbaine, branchée et pleine d'assurance.

Dès l'ouverture, la fragrance surprend par une fraîcheur gourmande et percutante où la pomme fruitée et la bergamote pétillante rencontrent les accents aromatiques de la lavande et de la menthe. Le cœur s'enrichit d'une douceur florale et poudrée grâce à l'héliotrope et au jasmin, rehaussés par une touche épicée et sensuelle de cardamome. En fond, Ramz Lattafa déploie toute sa puissance avec un mélange chaud et liquoreux de vanille généreuse, de fève tonka et d'ambre boisé, assurant un sillage doux, magnétique et une longévité remarquable qui ne passe jamais inaperçue.",Lattafa,Ambré Vanillé,,,FALSE,Title,Default Title,REF-LAT-392,shopify,10,continue,manual,500,,TRUE,TRUE,https://l3qgcdajft9wdkxz.public.blob.vercel-storage.com/1787675865907-102344205-ramz_lattafa.jpg,draft
The-Kingdom-for-Women,The Kingdom for Women,"Véritable joyau de la maison Lattafa, The Kingdom (Al Mamlaka / المملكة) célèbre la grâce, la majesté et le raffinement des reines d'Orient. Présenté dans un flacon somptueux taillé comme un lingot d'or texturé et bordé de cristaux scintillants, il incarne le luxe absolu, l'assurance et la préciosité d'un royaume d'élégance.

Dès l'envolée, la fragrance séduit par une harmonie fruitée lumineuse où la poire sucrée et le cassis s'illuminent sous les rayons pétillants de la mandarine. Le cœur plonge rapidement dans une texture gourmande et florale sophistiquée : la gourmandise veloutée du praliné et de la fève tonka s'entrelace délicatement à l'éclat solaire de la fleur d'oranger et du jasmin blanc. Enfin, l'évolution se déploie sur une base noble et enveloppante de vanille riche, de santal onctueux et d'ambre chaud, offrant une tenue magistrale et un sillage irrésistiblement captivant qui magnifie la présence de celle qui le porte.",Lattafa,Floral Fruité,,,FALSE,Title,Default Title,REF-LAT-393,shopify,10,continue,manual,500,,TRUE,TRUE,https://l3qgcdajft9wdkxz.public.blob.vercel-storage.com/1787675996432-632216054-the_kingdom_lattaffa.jpg,draft
Yara,Yara,"Véritable phénomène planétaire et best-seller incontournable de la maison Lattafa, Yara est une célébration de la douceur, de la sensualité délicate et de la gourmandise moderne. Habillé d'un flacon rose pastel ceinturé d'une élégante bague métallique chromée et gravé d'une calligraphie arabe raffinée, il incarne une féminité pétillante, réconfortante et pleine de charme.

Dès la pulvérisation, le parfum s'ouvre sur un voile poudré et fleuri où l'orchidée et l'héliotrope s'illuminent d'une touche subtilement zestée de mandarine. Rapidement, le cœur se transforme en une friandise lactée irrésistible évoquant un milkshake crémeux aux fruits tropicaux et à la fraise vanillée. En séchant sur la peau, Yara s'établit sur une base enveloppante et soyeuse de vanille douce, de bois de santal et de musc blanc pur, créant un sillage doux, addictif et d'une présence caressante qui ne laisse personne indifférent.",Lattafa,Floral Gourmand,,,FALSE,Title,Default Title,REF-LAT-395,shopify,10,continue,manual,500,,TRUE,TRUE,https://l3qgcdajft9wdkxz.public.blob.vercel-storage.com/1787676237496-375115734-yara_lattafa.jpg,draft